Start Date,End Date,IP Address,Progress,Duration (in seconds),Finished,Response ID,Location Latitude,Location Longitude,Age,Gender,Origin,Region,Speaker,Language,Order,Daniela fem,Daniela nice,Daniela conf,Daniela class,Daniela urban,Daniela origin,Daniela edu,Daniela age,Daniela eth,Diego fem,Diego nice,Diego conf,Diego class,Diego urban,Diego origin,Diego edu,Diego age,Diego eth,Isabel fem,Isabel nice,Isabel conf,Isabel class,Isabel urban,Isabel origin,Isabel edu,Isabel age,Isabel eth,Andres fem,Andres nice,Andres conf,Andres class,Andres urban,Andres origin,Andres edu,Andres age,Andres eth,Sofia fem,Sofia nice,Sofia conf,Sofia class,Sofia urban,Sofia origin,Sofia edu,Sofia age,Sofia eth,Pablo fem,Pablo nice,Pablo conf,Pablo class,Pablo urban,Pablo origin,Pablo edu,Pablo age,Pablo eth,Carlos fem,Carlos nice,Carlos conf,Carlos class,Carlos urban,Carlos origin,Carlos edu,Carlos age,Carlos eth,Andrea fem,Andrea nice,Andrea conf,Andrea class,Andrea urban,Andrea origin,Andrea edu,Andrea age,Andrea eth
7/19/2017 8:27,7/19/2017 8:52,200.0.29.155,100,1484,1,R_10IerLgLAWlz8qg,-2,-77.5,23,male,loja 4a;os,Loja,las dos cosas,"ingles, 4 a;os",FL_28,6,6,6,5,5,2,3,3,mestiza,6,6,6,6,6,3,4,3,mestiza,4,4,4,4,3,2,2,3,mestizo,6,5,6,6,6,1,3,3,mestiza,4,4,4,4,3,3,2,4,mestiza ,5,5,6,5,5,1,4,4,mestizo,5,5,6,5,5,3,3,3,mestizo,4,4,4,4,3,2,2,2,mestizo
7/4/2017 17:58,7/4/2017 18:07,181.199.100.35,62,516,0,R_129Gf52nl2jhQPT,,,32,female,Guayaquil 32 aí±os,Coast,Parlantes,"Francí©s 1 aí±o, Inglí©s 2 aí±os ",FL_28,,,,,,,,,,,,,,,,,,,,,,,,,,,,,,,,,,,,,,,,,,,,,,4,5,4,4,4,1,2,4,Mestizo,,,,,,,,,,,,,,,,,,
7/16/2017 16:35,7/16/2017 16:51,200.7.247.159,100,947,1,R_12DPana46N2x2Ri,-0.216705322,-78.5,25,male,Quito toda la vida ,Quito,Mo,Inglí©s un aí±o ,FL_21,4,5,4,4,4,4,2,2,Negra ,5,5,4,5,4,2,2,4,Mestizo ,5,5,4,4,4,3,2,4,Mestizo ,5,4,5,4,5,2,3,2,Mestizo ,5,5,4,4,4,4,2,3,Mestizo ,5,4,4,4,4,3,2,3,Mestizo ,4,4,5,4,4,3,3,3,Mestizo ,5,5,4,5,5,3,2,3,Mestiza
7/5/2017 21:18,7/5/2017 21:32,186.66.31.76,100,866,1,R_12tfucN8WYlX7v8,-2.166702271,-79.90000153,20,female,2: en uno por 18 aí±os y el otro por 2 aí±os,Coast,Si,Inglí©s ,FL_28,2,6,4,2,2,1,1,3,Indí_gena,6,4,6,3,5,4,3,3,No se,6,5,5,3,3,4,3,4,Ninguno ,3,3,3,3,3,1,4,3,Ninguno ,3,1,1,4,1,4,5,3,Ninguno,2,3,1,1,1,2,4,3,Ninguna ,6,4,5,3,2,3,3,2,Ninguno ,3,2,2,2,3,1,3,2,Ninguno
7/4/2017 14:03,7/4/2017 14:25,181.113.139.126,100,1316,1,R_1BxKdC3M06hTyxP,-2.166702271,-79.90000153,24,female,"Guayaquil, durante 24 aí±os",Coast,Parlantes,"Ingles bíçsico, 6 aí±os de estudo",FL_28,5,5,5,5,5,4,2,3,Serrana,6,5,5,4,5,1,2,5,Serrano,6,5,5,4,4,2,2,3,Serrana,6,5,5,4,4,4,3,2,Serrano,6,5,6,4,5,2,2,3,Serrano,6,5,4,5,6,1,2,4,Serrano,5,6,5,5,6,1,3,2,Serrano,4,5,6,4,3,1,2,2,Serrana
7/21/2017 18:54,7/21/2017 19:21,191.100.73.50,100,1650,1,R_1CDyfc7xZg8QEqT,-2.883300781,-78.98329926,33,male,En la ciudad de Cuenca todos mis 33 aí±os,Cuenca,No,"Inglí©s, lo he estudiando alrededor de 5 aí±os ",FL_21,2,3,5,4,5,1,3,2,mestizo,5,5,3,4,6,2,3,3,mestizo ,2,3,4,5,5,3,3,5,mestiza ,5,2,3,4,5,1,3,2,mestizo ,2,4,5,5,5,2,3,3,mestizo ,4,4,4,4,5,2,3,3,mestizo ,3,3,3,4,5,1,2,2,mestizo ,3,3,2,4,5,4,2,3,mestizo
7/18/2017 21:23,7/18/2017 21:44,190.111.85.14,100,1260,1,R_1CIuYRUlYqfS6uF,-4,-79.21669769,21,male,"Loja, 21 aí±os",Loja,no,"Inglí©s, desde los 5 aí±os",FL_28,6,6,6,6,6,3,3,3,No se ,6,6,6,6,6,2,3,3,No lo sí© ,6,6,6,6,6,2,3,4,No lo sí© ,6,6,6,6,6,2,3,3,No se ,5,5,4,5,4,1,3,2,No lo sí© ,4,3,3,3,3,4,3,3,No lo sí© ,6,6,6,4,3,4,3,3,No lo sí© ,6,5,4,4,4,4,3,3,No lo sí© 
7/17/2017 8:38,7/17/2017 9:33,200.0.29.171,96,3266,0,R_1dACoZvpCnXOc00,,,22,male,"Loja, toda la vida transcurrida",Loja,Si,"Ingles, en el colegio y universidad, seria unos 3 aí±os ",FL_28,4,4,4,4,4,3,3,2,Gvb,4,4,4,4,4,3,1,5,Xv,4,4,4,4,4,3,3,5,Gjc,,,,,,,,,,3,3,3,3,3,3,3,6,Udhs,2,3,3,3,3,3,1,5,Fwg,2,2,2,2,2,3,3,2,Gd,2,1,2,2,2,3,3,2,Gff
7/17/2017 11:30,7/20/2017 10:55,200.55.234.8,100,257148,1,R_1dGJMzXOL7QxFKJ,-2.883300781,-78.98329926,37,male,Cuenca - Ecuador por 37 aí±os,Cuenca,parlantes,"ingles nivel intermedio 6 aí±osfrances intermedio 1.5 aí±os",FL_28,5,5,5,3,3,3,2,2,no se,6,5,5,3,2,3,2,3,no se,6,5,5,3,2,4,2,2,no se,6,5,5,4,5,2,3,3,no se,6,4,3,2,2,2,2,4,no lo se,6,3,5,2,1,3,2,4,no lo se,6,4,5,4,5,3,3,3,no se,6,4,5,2,1,4,2,3,no lo se
7/4/2017 19:49,7/4/2017 20:09,190.155.127.199,100,1217,1,R_1dgVMP7KtDRuD4s,-2.166702271,-79.90000153,24,male,"Ibarra 19 aí±os, Quito 3, Guayaquí_l 2",Quito,si ,"Kechwa, Inglí©s",FL_28,4,4,4,3,3,3,3,3,mestiza,5,5,5,4,4,3,3,4,mestizo,5,5,5,4,4,1,3,5,mesriza,4,4,3,3,3,2,3,2,mestizo,5,5,5,5,5,1,3,5,mestiza,5,5,5,5,5,1,3,4,mestizo,5,3,4,4,4,2,3,2,mestizo ,5,5,4,3,2,4,2,3,indí_gena
7/19/2017 7:10,7/19/2017 7:30,200.0.29.171,100,1167,1,R_1E7oJR6HlkvYyr6,-2,-77.5,21,male,"Loja, 21 aí±os",Loja,audifonos,"ingles, 5 aí±os",FL_21,5,3,3,3,3,4,2,4,mestiza,6,3,5,4,6,2,3,4,mestiza,6,4,5,5,3,3,4,5,mestizo,6,4,5,6,6,3,3,2,mestizo,5,5,5,5,5,3,3,5,mestizo,5,4,5,6,6,2,4,3,mestizo,5,6,6,6,6,3,3,4,mestizos,4,3,3,3,2,3,2,4,mestiza
7/19/2017 7:06,7/19/2017 7:29,200.0.29.171,100,1396,1,R_1EgoyAi9dSUxuOq,-2,-77.5,21,male,"Zamora 13Loja  8 ",Loja,Si,Ninguna,FL_28,3,3,3,3,3,1,1,3,Mestizo,4,4,4,4,4,4,2,3, Mestizo,3,3,3,3,3,4,1,2,Indigena ,4,4,4,4,4,3,3,3,Mestizo,4,4,3,3,3,1,1,5,Indigena ,4,4,3,3,3,1,2,4,Mestizo,4,4,4,4,4,3,3,3,Mestizo,4,4,4,3,3,1,2,3,Mestizo
7/18/2017 14:14,7/18/2017 14:32,186.68.8.163,100,1074,1,R_1EinvF3Jv38dCTr,-4,-79.21669769,24,male,2 por mas de 3aí±os,Loja,si,Ingles basico,FL_21,6,6,3,4,3,3,3,3,mestiza,6,5,5,5,5,2,3,3,mestizo,4,6,4,3,2,3,1,3,mestiza,6,3,3,4,5,2,3,3,mestizo,3,5,3,3,3,2,2,4,mestiza,6,4,3,4,5,2,3,3,mestizo,6,1,3,5,5,3,3,2,mestizo,4,4,5,3,2,2,2,2,mestiza
7/19/2017 7:00,7/19/2017 7:30,200.0.29.172,100,1815,1,R_1eP3rgV6RoLGb69,-2,-77.5,23,female,"Selva Alegre 12 aí±os, Loja 11 aí±os",Quito,Audifonos,Castellano ,FL_28,6,5,6,4,4,2,3,3,Meztizo,6,5,6,6,6,1,3,3,Meztizo,6,5,6,4,4,3,3,4,Meztizo,6,5,6,4,4,3,3,3,Meztizo,6,5,6,4,6,1,3,4,Meztizo,6,5,6,5,5,4,3,3,Meztizo,6,5,5,5,5,3,3,3,Meztizo,6,5,6,5,1,2,2,3,Meztiza
7/18/2017 14:29,7/18/2017 15:09,181.211.126.10,100,2392,1,R_1eW8PhqiBETrokC,-2,-77.5,18,female,Loja por 18 aí±os,Loja,No,Ingles 3 aí±os,FL_28,6,6,6,2,2,3,2,4,Nose ,6,5,5,5,5,3,4,4,Nose ,5,5,5,5,5,3,3,6,Nose ,6,6,3,5,3,3,4,3,Nose ,6,5,5,5,6,3,2,5,Nose,6,6,6,5,6,3,4,4,Nose,5,4,3,2,4,3,3,3,Nose,4,6,6,3,6,3,2,4,Nose
7/22/2017 11:05,7/22/2017 11:18,191.100.64.230,100,749,1,R_1f9qP1WllUYt5xO,-2.883300781,-78.98329926,29,female,"Cuenca 26 aí±osguayaquil 2 aí±osquito 1 aí±o",Cuenca,parlante,Ninguna,FL_21,4,5,4,4,6,3,3,3,mestiza,5,4,5,4,5,2,2,3,mestiza,3,3,4,4,4,3,2,5,mestizo,4,2,6,5,6,2,3,2,mestizo,3,1,3,3,4,2,2,5,mestizo,6,4,5,4,5,3,3,5,mestixa,6,4,5,5,6,1,2,3,mestizo,3,1,4,2,3,3,2,3,mestiza
7/19/2017 7:01,7/19/2017 7:28,200.0.29.171,100,1617,1,R_1FJQVl1yPZnpIKe,-2,-77.5,23,female,"Lago Agrio durante 9 aí±os.Santa Rosa durante 14 aí±os.",Coast,Audíåfonos,Espaí±ol.,FL_21,5,5,5,4,5,3,3,3,Mestizo.,6,6,6,5,6,3,3,4,Mestizo,5,5,5,4,4,3,2,3,Mestizo,5,4,5,4,5,3,2,1,Mestizo,5,5,5,5,5,3,2,3,Mestizo,6,5,5,4,5,3,3,4,Mestizo,5,5,5,4,5,1,3,2,Mestizo,5,5,5,4,5,3,2,3,Mestizo
7/25/2017 23:35,7/26/2017 0:19,186.66.188.50,100,2601,1,R_1gb6t1UpSe4wtq7,-2.883300781,-78.98329926,39,male,Cuenca 39 aí±os,Cuenca,parlantes,tInggles 6aí±os,FL_21,6,2,2,2,2,1,2,2,mestizo,6,4,4,6,6,3,3,3,BLANCO,5,6,5,4,5,3,2,5,BLANCO,5,5,3,4,5,4,3,2,MESTIZO,6,6,6,5,5,3,2,5,BLANCA,3,3,5,6,6,1,4,3,BLANCA,4,3,3,4,6,2,3,3,MESTIZO,6,2,2,1,1,3,2,3,INDIGENA
7/19/2017 8:01,7/19/2017 8:44,200.0.29.155,100,2600,1,R_1giOZslQCjEZHzm,-2,-77.5,22,female,"Madrid: 10 aí±osZamora: 10 aí±osLoja: 2 aí±os",Loja,Si,InglíÂs: 3 aí±os,FL_28,4,4,4,4,4,4,3,2,Mestizo,6,5,5,5,5,3,3,3,Mestizo,4,4,4,4,4,3,3,3,Mestizo,5,5,5,5,5,4,3,2,Mestizo,4,4,4,4,4,1,3,2,Mestizo,6,6,6,5,6,3,4,3,Mestizo,5,5,5,5,5,3,3,2,Mestizo,3,3,3,3,3,1,3,2,Mestizo
7/19/2017 8:31,7/19/2017 8:51,200.0.29.155,100,1217,1,R_1GP1nz7DbTdRkeQ,-2,-77.5,21,female,"Provincia de Loja durante 3 aí±os Canton de la Provincia de Loja desde la nií±ez",Loja,si,Actualmente estoy estudiando el idioma Ingles durante dos aí±os y medio ,FL_28,5,5,5,2,2,4,1,4,mestizo,5,5,5,4,4,2,2,3,mestizo,5,5,5,3,2,2,1,4,mestizo o ind[igena,5,5,4,3,3,4,2,1,mestizo,5,5,5,2,2,4,1,4,mestizo,5,5,5,4,5,3,3,3,mestizo,5,4,4,4,4,3,2,1,mestizo ,5,5,5,3,2,4,1,4,mestizo 
7/6/2017 20:44,7/6/2017 21:06,190.154.2.141,100,1284,1,R_1H6LrNRmliS66BO,-2.166702271,-79.90000153,20,male,"Portoviejo: 18 aí±os aproximadamenteGuayquil: casi 2 aí±os",Coast,audifonos,ingles: 10 aí±os,FL_28,5,4,6,3,3,1,2,3,mestiza,5,5,6,4,5,3,3,4,mestizo,5,5,6,5,6,3,4,5,mestiza,5,6,6,6,6,1,4,4,mestizo,5,4,5,5,5,1,3,4,mestiza,5,5,4,4,4,2,3,3,mestizo,5,4,5,5,6,3,4,4,mestizo,5,4,6,3,3,1,2,3,mestiza
7/19/2017 8:28,7/19/2017 8:53,200.0.29.155,100,1462,1,R_1HbdJeRzjP7XF0R,-2,-77.5,21,female,"Loja 21 a;os",Loja,Si,Ingles 4,FL_21,5,4,4,3,3,2,3,2,Mestizo ,6,1,6,5,6,3,4,3,Mestizo,6,6,6,6,6,1,5,4,Mestizo,6,6,6,6,5,2,4,3,Mestizo ,6,6,6,5,5,1,5,4,Mestizo ,6,6,6,6,6,3,4,3,Mestizo ,6,6,6,5,5,1,4,2,Mestizo ,6,6,4,3,3,2,4,3,Mestizo 
7/25/2017 1:28,7/25/2017 1:40,191.100.171.124,65,707,0,R_1HhlGJH2PPNAXD4,,,25,male,"Cuenca, 25 aí±os",Cuenca,No,"Ingles, 5 aí±os",FL_28,,,,,,,,,,,,,,,,,,,,,,,,,,,,,,,,,,,,,2,3,2,3,5,2,3,5,Mestiza,5,5,5,5,6,2,3,4,Mestizo,,,,,,,,,,,,,,,,,,
7/19/2017 8:21,7/19/2017 8:46,200.0.29.155,100,1467,1,R_1hQpExiKMbrn9CS,-2,-77.5,20,female,Loja 20 aí±os desde que nací_,Loja,audifonos,Ingles por tres aí±os,FL_21,3,3,4,4,4,3,4,3,Mestizo,5,4,3,4,4,2,3,3,Mestizo,3,4,3,3,2,4,2,3,Mestiza,5,4,4,5,4,3,3,2,Mestizo,2,3,3,3,2,4,2,4,Mestizo,5,4,4,4,4,3,3,4,Mestizo,5,4,4,4,4,3,3,2,Mestizo,2,4,3,2,2,4,3,3,Mestiza
7/20/2017 23:36,7/24/2017 19:28,179.49.18.3,96,330736,0,R_1hZo1ZY5TQzPEgB,,,19,male,"Quito: 3 aí±os aproximadamente. Santo Domingo de los Tsíçchilas: 15 aí±os y 7 meses aproximadamente. Cuenca: 10 meses aproximadamente. ",Quito,No,"Inglí©s: 3 aí±os aproximadamente. Alemíçn: 3 meses aproximadamente. ",FL_28,3,4,4,4,4,4,2,2,Mestizo ,5,4,4,4,3,2,2,3,Mestizo ,3,3,4,4,4,4,3,3,Mestizo ,,,,,,,,,,3,3,4,4,4,2,2,3,Mestizo ,5,4,4,4,4,1,2,3,Mestizo,5,3,3,4,4,4,3,2,Mestizo ,4,4,4,4,3,2,2,2,Mestizo. 
7/22/2017 10:46,7/22/2017 11:15,181.211.228.117,100,1692,1,R_1hZvPfGE92Q7Aaq,-4,-79.21669769,33,male,Cuenca 20aí±os ,Cuenca,Parlantes,Solo espaí±ol ,FL_21,5,5,5,5,5,2,3,2,Mestizo,5,5,5,5,5,2,2,3,Cuenca,4,3,3,3,3,3,2,3,Sierra,4,4,4,4,5,2,3,2,Serrano,2,3,3,3,3,3,1,3,Mestiza,5,5,5,5,5,2,3,4,Serrano,5,5,5,5,5,1,3,2,Mestizo,1,4,5,4,4,2,3,2,Mestizo
7/22/2017 22:02,7/22/2017 22:09,191.100.44.245,65,377,0,R_1I4tuWUhuYmup7E,,,19,female,Quito 3semanas,Quito,Si,Ninguna,FL_28,,,,,,,,,,,,,,,,,,,,,,,,,,,,,,,,,,,,,5,6,6,4,6,2,3,5,Meztiza,6,6,6,6,6,1,3,4, Meztizo,,,,,,,,,,,,,,,,,,
7/5/2017 21:14,7/5/2017 21:41,190.155.146.13,100,1622,1,R_1i5vvaufKbo6V5R,-2.166702271,-79.90000153,20,female,"Una sola ciudad, Guayaquil, por 20 aí±os",Coast,Audí_fonos,"Estudio inglí©s, 3 aí±os",FL_28,5,5,5,2,3,4,1,2,indí_gena,5,4,3,4,4,2,2,4,mestizo,4,4,4,3,3,1,2,4,mestiza,4,4,4,5,5,1,2,3,blanco,4,4,3,4,3,2,2,3,mestiza,5,5,5,5,5,4,3,4,indí_gena,4,6,6,4,5,3,2,4,mestizo,5,3,4,3,3,2,2,3,indí_gena
7/22/2017 11:05,7/22/2017 11:17,191.100.141.54,100,709,1,R_1i99JGwQafX5sGf,-2.883300781,-78.98329926,34,female,Cuenca 34 aí±os,Cuenca,Si ,0,FL_28,5,5,5,5,5,3,4,3,Mestizo ,5,5,5,5,5,3,4,4,Mestizo ,5,5,5,5,5,3,4,6,Mestizo ,5,5,5,5,5,3,4,3,Mestizo ,5,5,5,5,5,2,3,6,Mestizo,4,4,4,4,4,3,3,4,Medtizo,5,5,5,5,5,3,4,3,Mestizo ,5,5,5,5,5,3,4,3,Mestizo 
7/7/2017 11:08,7/7/2017 11:32,181.39.158.58,79,1455,0,R_1ifHFtyKpIHP90O,,,20,female,Guayaquil,Coast,parlantes,portuguí©s por 2 aí±os.,FL_28,,,,,,,,,,,,,,,,,,,,,,,,,,,,,,,,,,,,,2,3,5,4,6,3,3,4,blanca,6,4,1,4,5,2,3,4,cholo cuencano,4,4,5,4,6,1,3,3,mestizo,5,6,6,3,3,3,3,2,mestiza
7/5/2017 17:54,7/5/2017 18:14,186.3.143.68,100,1165,1,R_1Ii6koXQYL1KwvG,-2.166702271,-79.90000153,21,male,en 1 toda la vida ,Coast,audifonos,ingles basico,FL_21,5,5,5,4,3,3,3,3,ninguno,6,5,6,5,4,4,3,3,ninguno,5,5,5,4,1,3,2,3,ninguno,6,4,6,5,6,1,4,3,ninguna,6,5,5,3,2,3,2,4,ninguno,6,5,5,5,5,2,3,3,ninguna,6,5,5,4,5,1,3,3,ninguno,6,4,3,4,2,3,3,3,ninguna
7/22/2017 7:23,7/22/2017 7:31,181.112.204.223,62,507,0,R_1ItnTcZw9NLKdG5,,,35,female,Girí_n,Cuenca,Audí_fonos,Sí_lo espaí±ol,FL_28,,,,,,,,,,,,,,,,,,,,,,,,,,,,,,,,,,,,,,,,,,,,,,6,6,6,1,1,2,2,3,Mestizo,,,,,,,,,,,,,,,,,,
7/17/2017 11:16,7/19/2017 9:12,200.0.29.172,100,165356,1,R_1j8GtZ9wb8E9Wa3,-2,-77.5,21,female,"Zaruma-Minas Nuevas (19 aí±os)Loja (2aí±os)",Coast,audifonos,Espaí±ol largo de mi existencia,FL_28,5,5,5,5,5,1,2,4,mestizo,6,5,6,4,4,3,2,3,mestizo,6,6,6,5,5,4,2,3,mestizo,5,5,6,4,6,2,3,2,mestizo,6,5,4,4,4,2,2,3,mestizo,6,5,6,4,5,2,2,3,mestizo,6,5,5,5,5,3,3,2,mestizo,5,5,5,3,3,1,2,3,mestizo
7/25/2017 20:28,7/25/2017 21:02,190.154.60.120,100,2071,1,R_1jenlaK9ciH5bDz,-2.883300781,-78.98329926,38,male,Gualaceo 11 aí±os y Cuenca 27 aí±os,Cuenca,Audifonos,Ninguna,FL_28,3,4,4,4,3,1,3,3,Mestizo,4,4,4,4,4,2,3,3,Mestizo,3,4,4,4,5,3,2,3,Mestizo,4,4,4,3,4,2,3,2,Mestizo,4,3,4,4,4,4,2,4,Mestizo,4,3,4,4,4,2,3,3,Mestizo,4,3,4,4,4,2,3,2,Mestizo,3,4,4,3,3,3,2,2,Mestizo
7/19/2017 8:11,7/19/2017 8:38,200.0.29.155,100,1644,1,R_1jeSl2vUAW2DMpY,-2,-77.5,22,female,Solamente en la ciudad de Loja durante toda mi vida. ,Loja,Si.,Ingles. Llevo estudiando Ingles alrededor de 10 a;os.,FL_28,3,3,4,4,3,3,3,3,Mestiza. ,3,4,5,5,5,3,4,4,Mestizo.,3,4,4,4,5,3,2,4,Mestiza. ,3,4,5,4,4,3,3,2,Mestizo. ,3,4,4,3,4,3,2,4,Mestiza. ,3,4,5,4,5,3,4,4,Mestizo.,4,4,5,4,5,3,3,2,Mestizo. ,3,5,5,3,2,3,3,3,Mestiza. 
7/4/2017 15:54,7/4/2017 16:15,186.68.53.82,71,1259,0,R_1K7PUi6Cg81fkCY,,,21,male,"Guayaquil, 21 aí±os-",Coast,Sí_,"Inglí©s ,por tres aí±osKiwcha,por un aí±oFrancí©s, por tres meses  ",FL_28,,,,,,,,,,,,,,,,,,,,,,,,,,,,,,,,,,,,,3,4,4,4,4,3,5,5,Shuar,4,4,6,4,5,1,5,4,Afromestizo,,,,,,,,,,3,4,6,3,3,1,3,3,Montubia
7/22/2017 11:44,7/22/2017 12:17,190.57.140.85,100,1960,1,R_1LdKgbftUwLRiRe,-2.883300781,-78.98329926,27,male,Argentina 5 meses ,Cuenca,Si,Ingles. Estudiado por dos aí±os ,FL_21,2,3,3,2,2,3,2,3,Meztizo,4,4,3,4,4,2,3,3,Mestizo,2,4,3,4,5,3,2,4,Mestizo,3,3,3,3,3,1,2,2,Mestizo ,3,4,3,4,4,2,3,4,Mestiza,4,4,3,4,4,4,2,3,Meztiza,4,4,3,3,3,3,2,3,Mestizo,4,4,4,4,4,1,3,3,Meztiza
7/18/2017 17:03,7/18/2017 18:21,181.211.31.178,100,4693,1,R_1LHh66paUpObJyi,-2,-77.5,21,male,loja ( toda la vida),Loja,si,ingles 5 aí±os ,FL_28,3,3,4,2,2,4,2,3,Indí_gena ,5,5,5,5,5,1,4,3,Mestizo,5,4,5,5,5,2,4,4,Mestiza,4,5,4,4,5,3,3,2,Mestizo ,3,5,6,4,5,2,3,5,Mestiza,5,5,5,5,5,1,4,4,Mestizo,5,5,5,5,5,3,3,2,Mestizo,4,4,3,3,2,4,2,2,Indigena
7/20/2017 8:15,7/20/2017 8:37,186.46.207.187,100,1313,1,R_1LhhqdlBL3WxFaG,-0.216705322,-78.5,24,female,"Shell: 1 aí±o Ibarra: 2 meses ",Quito,Parlante,"Ingles: 10 aí±osPortuguí©s: 4 meses",FL_21,1,3,4,4,6,1,3,2,Mestizos,3,5,5,5,6,1,4,3,Mestizos,3,3,4,5,5,4,2,4,Mestizos,4,4,5,5,5,2,3,2,Mestizos,2,3,3,4,4,4,2,3,Mestizos,3,4,4,5,4,2,2,3,Mestizos,3,4,4,4,4,1,3,3,Mestizos,4,4,4,5,5,4,3,3,Mestizos
7/27/2017 10:55,7/27/2017 11:12,200.24.159.131,100,985,1,R_1Lhwlek3343NmT3,-2,-77.5,37,female,"Esmeraldas 15 aí±os, Quito 22 aí±os.",Quito,Audí_fonos,"Inglí©s, 32 aí±os.",FL_28,1,1,3,1,1,4,1,2,.,4,4,3,4,4,4,3,2,.,2,3,5,5,5,1,3,3,.,4,4,4,4,4,4,2,2,.,2,4,2,5,5,2,3,2,.,2,5,4,4,5,1,3,3,.,4,3,3,4,5,1,3,2,.,2,2,1,1,1,4,1,2,.
7/19/2017 10:55,7/19/2017 11:36,179.49.55.231,100,2496,1,R_1li6spxRDSFik8A,-3.983306885,-79.34999847,26,male,Toda mi vida en la ciudad de Loja,Loja,Audí_fonos,"Espaí±ol solamente, aun que estoy aprendiendo ingles",FL_28,4,3,4,3,2,3,1,4,Mestiza,5,4,3,4,4,3,3,3,Mestizo,4,3,3,3,3,3,2,4,Mestiza,4,3,4,4,5,2,3,2,Mestizo,3,3,3,3,3,3,2,4,Meztisa,5,5,3,3,4,3,3,3,Meztiso,5,3,3,3,4,2,3,2,Meztiso,3,4,5,3,2,3,1,4,Meztiso
7/19/2017 8:26,7/19/2017 8:51,200.0.29.155,100,1478,1,R_1LjyA7OTpLrFK9z,-2,-77.5,23,male,"Ciudad de Loja, Ecuador. Toda la vida hasta ahora ",Loja,Si,"Ingles, Espanol",FL_21,5,4,5,4,6,3,2,2,Mestiza,5,5,5,5,5,3,3,2,Mestizo,3,3,3,3,3,3,3,2,Mestizo,5,5,5,5,5,3,2,1,mestizo,2,2,2,2,2,3,3,2,mestizo,5,5,5,5,5,3,3,2,mestizo,5,5,5,5,5,4,3,2,mestizo,4,4,4,4,4,3,3,2,mestizo
7/19/2017 8:13,7/19/2017 8:40,200.0.29.155,100,1637,1,R_1lt2Zw3zPEfmndj,-2,-77.5,20,female,"Loja, 20 aí±os",Loja,no ,"Ingles, 2 aí±os",FL_21,5,5,5,5,5,3,4,3,Mestizo ,4,4,5,5,4,1,3,3,Mestizo ,4,4,4,4,4,4,3,4,mestizo,5,5,5,5,5,2,2,3,Mestiza,4,4,4,4,4,1,3,4,Mestizo ,4,4,4,4,4,1,4,4,Mestizo ,4,4,4,4,4,2,4,3,Mestizo ,4,4,4,4,4,2,3,3,Mestizo 
7/4/2017 14:31,7/4/2017 15:13,190.131.27.192,100,2560,1,R_1luvErAcQXd9hXl,-2.166702271,-79.90000153,33,female,"Residente y nativa de Guayaquil, Ecuador toda mi vida, he vacionado ocacionalmente en diversos sitios de la costa, sierra y oriente de mi paí_s.",Coast,Parlantes del celular ,"Inglí©s. Estudie desde los 6 aí±os hasta los 17. Lo manejo bastante bien: hablo, escribo, leo.",FL_21,5,4,3,4,4,2,3,3,Mestizo ,4,4,5,4,5,1,3,3,Mestizo,4,4,3,3,3,4,1,2,Mestizo,5,4,5,4,6,2,3,2,Mestizo,5,4,4,4,3,3,3,3,Mestizo ,5,5,5,5,5,4,3,3,Mestizo ,4,4,5,4,5,3,3,3,Mestizo ,5,4,5,3,4,1,3,3,Mestizo
7/22/2017 11:38,7/22/2017 11:51,186.43.129.182,100,781,1,R_1LUWoRgJ1UW3zTg,-2.883300781,-78.98329926,22,male,"Cuenca, toda la vida.",Cuenca,Audí_fonos.,"Inglí©s, estudiado durante 5 aí±os.",FL_21,4,4,4,4,4,3,3,3,Mestiza,3,4,4,4,4,2,3,3,Mestizo,3,4,3,3,2,3,2,4,Mestizo,3,3,2,3,3,2,3,3,Mestizo,3,3,4,3,3,3,2,4,Mestizo,4,5,3,3,3,2,3,4,Mestizo,3,5,5,5,5,2,2,3,Mestizo,3,4,3,3,3,2,2,3,Mestizo
7/21/2017 23:32,7/22/2017 0:00,186.4.237.136,85,1662,0,R_1mFt0r6Q0BRUWTB,,,39,male,"Quito toda la vida Tegucigalpa 3 aí±os hace 20 aí±os ",Quito,No,"Ingles la estudie en escuela, colegio y universidad en promedio unos 15 aí±os Francí©s estudi por 2 aí±osItaliano por 1 aí±o ",FL_21,5,5,4,3,3,3,2,2,Mestiza,5,5,5,5,5,3,3,4,Mestizo,4,4,2,4,4,3,2,5,Mestiza ,4,3,3,3,4,3,2,2,Mestizo,,,,,,,,,,,,,,,,,,,,,,,,,,,,,,,,,,,,
7/20/2017 14:32,7/20/2017 14:43,181.198.126.93,100,676,1,R_1MPPLUCdCnG2A1j,-0.216705322,-78.5,40,male,"Quito, Ecuador ",Quito,audí_fonos,Inglí©s (5 aí±os),FL_28,3,5,4,4,4,3,2,3,mestiza ,5,5,5,4,4,3,3,4,mestizo,3,4,4,3,4,3,2,4,mestiza ,5,5,5,4,4,3,3,3,mestizo ,3,5,4,3,3,2,1,4,mestiza,4,5,5,4,6,3,3,3,mestizo,5,5,5,3,4,3,3,3,mestizo,3,4,5,3,4,3,3,4,mestiza
7/22/2017 12:21,7/22/2017 12:46,181.175.117.66,100,1459,1,R_1n72Nbyk6OhxSXU,-2.883300781,-78.98329926,34,male,Guayaquil por un mes,Coast,No,Ninguna,FL_28,2,5,1,2,2,3,2,3,Mestizo,5,5,1,2,2,2,2,4,Mestizo,2,5,1,1,1,2,1,4,Mestizo,2,1,4,5,6,1,3,3,Mestizo,2,5,2,2,2,2,1,5,Mestizo,5,5,5,2,2,4,2,4,Mestizo,5,1,4,4,6,1,3,3,Mestizo,2,2,3,3,3,3,2,3,Mestizo
7/19/2017 7:01,7/19/2017 7:18,200.0.29.171,100,1033,1,R_1n8FwnFw8sfSYki,-2,-77.5,25,male,"Loja, 21 aí±osCuenca, 4 aí±os",Loja,audifonos,"ingles, 5 aí±os",FL_21,5,4,5,3,4,3,1,3,Indigena,5,6,5,5,5,1,3,3,mestizo,5,5,4,5,5,3,3,3,mestizo,5,5,6,6,6,2,3,3,mestizo,5,4,5,5,5,3,3,3,mestizo,6,5,6,5,5,2,3,4,mestizo,5,5,5,5,5,1,3,3,mestizo,4,3,4,3,3,3,2,3,saraguro
7/18/2017 21:33,7/19/2017 18:21,186.68.120.22,100,74895,1,R_1nOb7WEo8QFyUs2,-4,-79.21669769,20,female,Macara 17 aí±os y Loja 3 aí±os,Loja,Si,1 catellano mis 20 aí±os,FL_21,1,1,1,1,1,1,3,2,Mestizo,6,6,6,4,5,3,2,4,Mestizo,4,4,4,3,6,3,2,4,Mestizo,4,5,3,4,6,2,3,3,Mestizo,4,3,4,3,3,4,2,4,Mestizo,6,5,6,4,6,3,3,4,Mestizo,5,5,4,5,5,2,3,3,Mestizo,4,5,5,3,3,1,3,3,Mestizo
7/19/2017 7:07,7/19/2017 7:33,200.0.29.172,100,1581,1,R_1Ntgul06XoQLDbT,-2,-77.5,21,male,"Zapotillo 18 aí±osLoja 3 aí±os",Loja,Ambos,Solo castellano,FL_21,5,3,3,3,3,1,2,2,Indí_gena,5,4,4,5,5,1,2,3,Mestizo,4,4,4,4,5,3,3,3,Mestizo,4,4,4,3,5,1,2,2,Mestizo,5,5,5,5,5,3,3,4,Mestiza,4,5,4,5,5,1,2,4,Mestizo,4,5,5,5,6,3,2,3,Mestizo,4,5,4,3,3,3,1,3,Indí_gena
7/18/2017 14:10,7/18/2017 14:28,186.68.8.163,100,1058,1,R_1ODdUUbu7xchyzq,-4,-79.21669769,25,male,Loja 25 aí±os ,Loja,Aveces,Ninguna ,FL_21,6,5,4,6,6,4,4,3,Blanco ,5,4,3,3,3,2,3,5,Blanco ,5,2,3,4,5,4,2,2,Mulato,5,5,6,5,6,3,5,4,Mulato,3,5,4,3,3,2,3,3,Blanca ,5,5,6,4,6,2,3,3,Mulato,6,4,6,6,6,3,4,4,Blanco ,3,3,4,5,2,1,2,2,Blanca 
7/16/2017 19:35,7/16/2017 19:47,181.198.169.118,100,720,1,R_1Or8nYhZq2xNNfB,-0.216705322,-78.5,22,male,Quito 22 aí±os ,Quito,Si ,Inglí©s 4 aí±os ,FL_28,6,6,6,5,6,2,4,2,Mestizo ,6,6,6,6,4,2,3,3,Mestizo ,6,6,6,6,6,2,3,3,Mestizo ,6,6,5,4,5,2,2,2,Mestizo ,6,6,6,6,6,2,3,4,Mestizo ,6,6,6,6,5,2,3,2,Mestizo ,6,6,6,6,6,1,4,2,Mestizo ,6,6,6,4,4,3,2,3,Mestizo 
7/27/2017 15:19,7/27/2017 17:20,190.216.214.6,100,7268,1,R_1OxBhJGJ90UjRfN,-0.216705322,-78.5,41,female,"Guayaquil 27 aí±osQuito 14 aí±os ",Coast,Parlastes,"Dos, espaí±ol nativo e inglí©s ",FL_28,5,5,5,4,4,1,2,4,Mestizo ,6,6,6,5,5,3,4,3,Mestizo,5,5,5,4,4,2,3,4,Mestizo,6,6,6,5,5,3,4,4,Mestizo,6,6,6,5,5,2,3,5,Meztiza,6,6,6,5,5,3,3,3,Meztizo,6,4,5,5,5,3,4,3,Mestizo,4,4,4,3,3,4,2,3,Mestizo
7/19/2017 7:17,7/19/2017 7:34,200.0.29.172,100,1028,1,R_1poH93GInhBlujD,-2,-77.5,21,female,"Uno, Loja 21 aí±os ",Loja,Si,"Inglí©s Desde la escuela",FL_21,4,4,5,4,3,4,3,3,Mestizo,4,4,4,4,4,1,3,4,Mestizo,5,5,5,5,5,3,3,4,Mestizo,4,4,4,4,3,4,2,2,Mestizo,4,4,5,3,3,2,2,4,Mestizo,5,5,5,5,6,1,4,4,Mestizo,4,4,5,5,5,3,3,2,Mestizo,4,4,4,3,1,1,4,3,Mestizo
7/18/2017 15:33,7/18/2017 16:05,181.112.131.254,100,1905,1,R_1Q4buniZvjw1c1P,-2,-77.5,22,female,"6 aí±os en Machalay 20 en Loja",Loja,parlantes,espaí±ol,FL_28,6,4,6,4,3,1,2,3,mestizo ,6,4,2,3,3,3,2,3,mestizo ,5,5,6,5,6,1,3,4,mestizo ,6,5,6,5,6,1,4,3,mestizo ,2,4,6,5,6,1,3,4,mestizo ,6,4,1,3,4,3,2,2,mestizo,6,6,6,5,6,3,4,3,mestizo,4,4,6,4,5,1,2,3,mestizo
7/17/2017 9:17,7/17/2017 9:45,190.111.83.4,100,1679,1,R_1Q4yQ5iV2Zx6eWm,-4,-79.21669769,24,female,1 por 24 aí±os ,Loja,Si,1,FL_21,2,3,2,2,2,1,1,3,Mestiza ,4,4,4,4,5,3,3,4,Mestizo ,3,3,3,3,3,4,2,3,Mestizo ,5,4,4,4,5,3,3,2,Mestizo ,2,3,3,2,2,3,2,4,Mestiza ,4,4,4,4,4,3,3,4,Mestizo ,4,4,4,4,5,3,3,2,Mestizo ,2,3,3,2,2,3,2,3,Mestizo 
7/18/2017 13:29,7/18/2017 13:50,200.85.83.40,68,1235,0,R_1q7X0hQvOkrRAJf,,,28,female,"Santa Rosa, 23 aí±osGuayaquil, 5 aí±os",Coast,Audí_fonos,"Inglí©s (medio), las he escuchado en mi trabajo",FL_21,3,4,4,4,4,3,2,4,Nose,5,5,4,5,5,1,3,3,Nose,,,,,,,,,,,,,,,,,,,,,,,,,,,,,,,,,,,,,,,,,,,,,,,,,,,,,,
7/21/2017 0:08,7/21/2017 0:27,181.175.117.70,100,1145,1,R_1q8s3WDxwTS53jQ,-2.883300781,-78.98329926,21,male,"Cuenca, toda mi vida",Cuenca,Parlantes,Un poco el inglí©s lo estudio desde los 10 aí±os.,FL_28,4,4,3,4,3,4,2,2, Estimí_/a,3,4,3,3,4,2,2,4,Mestizo/a,3,3,3,4,4,3,3,4,Mestizo/a,3,4,4,4,3,2,2,2,Mestizo/a,3,3,4,4,4,2,3,4,Mestizo/a,3,4,4,4,4,2,3,4,Mestizo/a,3,4,4,4,4,3,2,3,Mestizo/a,3,3,3,3,3,4,2,2,Mestizo/a
7/19/2017 6:56,7/19/2017 7:28,200.0.29.172,100,1905,1,R_1QfsCoIh9gxCPm3,-2,-77.5,24,male,En la ciudad de Loja por 18 aí±os,Loja,audíåfonos,Ninguna solo el espaí±ol,FL_28,5,4,3,2,2,4,2,3,Mestizo,5,5,5,4,4,1,3,4,Mestizo,4,3,4,4,3,4,2,4,Mestiza,5,5,4,3,4,3,3,4,Mestizo,4,4,3,4,4,3,2,5,Mestiza,5,4,4,3,3,3,3,4,Mestizo,5,4,5,4,4,3,3,4,Mestizo,3,3,3,2,2,4,2,3,Mestiza
7/28/2017 22:57,7/28/2017 23:17,181.112.80.218,100,1232,1,R_1Qgx3Bdi7Xq0LDh,-0.216705322,-78.5,22,male,Quito - 22 aí±os ,Quito,parlantes ,Inglí©s - 2 aí±os ,FL_28,3,3,3,3,2,1,2,3,Mestizo ,5,3,2,4,5,3,3,3,Mestizo ,3,4,3,2,3,4,2,4,Mestizo ,4,5,5,2,2,2,2,3,Indí_gena ,5,3,4,2,2,4,2,5,Indí_gena ,5,5,5,5,5,1,3,4,Mestizo ,5,5,3,5,4,2,3,3,Mestizo ,3,5,4,2,2,2,2,4,Indí_gena 
7/18/2017 14:08,7/18/2017 14:26,190.214.74.197,100,1061,1,R_1r9cbUpxhLAotZN,-2.166702271,-79.90000153,23,female,Loja/ toda mi vida,Loja,Audí_fonos ,Ingles/ escuela ,FL_28,1,1,1,2,2,2,1,2,Mestiza ,6,4,5,5,5,2,3,4,Mestizo ,5,4,5,5,6,3,4,5,Mestiza ,4,2,2,2,4,2,2,4,Mestizo ,2,3,1,4,1,1,3,4,Mestizo,1,3,1,4,1,1,3,3,Mestizo ,6,4,5,5,6,3,4,2,Mestizo ,1,6,1,1,2,4,2,2,Mestiza 
7/4/2017 19:07,7/4/2017 19:29,181.113.138.14,100,1282,1,R_1rlw4APUXtJDHyH,-2.166702271,-79.90000153,24,male,Guayaquil durante 24 aí±os,Coast,audí_fonos,í_nicamente espaí±ol,FL_21,4,4,3,3,3,1,2,2,Indí_gena,5,4,3,4,4,2,2,3,Mestizo,4,5,2,3,3,3,2,5,Mestiza,4,3,4,4,4,1,3,3,Mestizo,4,4,2,3,3,3,2,5,Mestiza,5,4,4,3,4,1,3,4,Mestizo,5,4,4,4,4,4,3,3,Mestizo,5,4,3,3,3,1,2,3,Indí_gena
7/19/2017 6:58,7/19/2017 7:30,200.0.29.172,100,1913,1,R_20TiaB5yScIUV4o,-2,-77.5,20,female,Loja por 20 aí±os ,Loja,audifonos,"ingles por 8 aí±osespaí±ol 20 aí±os",FL_21,4,4,6,4,5,3,4,2,mestizo,4,4,4,4,5,3,3,4,mestizo,4,4,4,3,4,4,3,3,mestizo,5,4,4,3,5,3,3,2,mestizo,5,4,5,4,4,4,2,4,mestizo,6,4,5,4,6,4,2,5,mestizo,5,4,5,4,4,3,3,3,mestizo,4,6,6,6,3,3,2,4,mestizo
7/16/2017 7:57,7/16/2017 8:13,186.69.217.43,100,917,1,R_21bmbkHjCUJmOMy,-0.216705322,-78.5,35,female,Quito 33 aí±os ,Quito,Parlantes ,"Inglí©s --&gt; 15 aí±os Portuguí©s --&gt; 2 aí±os ",FL_28,4,4,3,3,4,3,2,3,Mestizo ,5,5,5,5,5,3,3,4,Mestizo ,4,4,4,4,4,3,3,4,Mestizo,5,4,3,4,4,3,3,3,Mestizo ,3,5,3,3,3,3,2,4,Mestizo ,5,3,3,4,2,1,3,4,Mestizo,5,4,4,4,5,1,4,4,Mestizo ,3,3,2,4,3,3,2,3,Mestizo 
7/19/2017 6:57,7/19/2017 7:13,200.0.29.172,100,949,1,R_21hU0YqZABRmU6V,-2,-77.5,21,female,Femenino ,Loja,Audí_fonos ,Ninguna,FL_28,3,2,2,2,2,2,1,3,Mestiza ,5,5,5,4,5,1,2,3,Mestizo ,4,3,3,3,2,3,1,3,Mestizo ,3,4,3,3,2,3,1,3,Mestizo ,2,1,3,3,4,3,2,3,Mestizo ,4,3,5,4,3,1,3,4,Mestizo,4,5,4,3,4,1,2,3,Mestizo ,3,2,3,2,1,3,2,2,Mestizo 
7/26/2017 21:23,7/26/2017 21:57,181.112.107.233,82,2036,0,R_21jOuDE66eibpJX,,,64,female,"Quito (casi toda mi vida); Washington, D.C. (6 meses), varias ciudades de Amí©rica del Sur, Europa, Estados Unidos (vacaciones de hasta un mes)",Quito,Parlantes,"Inglí©s (12 aí±os de colegio, varios cursos en el Consejo Britíçnico)",FL_21,3,3,3,3,3,1,2,2,Mestiza,4,4,4,3,3,1,3,4,Mestizo,3,3,4,4,5,4,3,4,Mestiza o blanca,4,4,4,2,3,4,3,2,Mestizo,,,,,,,,,,,,,,,,,,,,,,,,,,,,,,,,,,,,
7/22/2017 11:00,7/22/2017 11:26,186.43.131.152,100,1570,1,R_22Vux2257gNHJxW,-2.883300781,-78.98329926,42,male,"2 1 por 40 aí±os2 por 1 aí±o ",Cuenca,No,Algo de ingles y estudie por 2 aí±os ,FL_21,2,4,2,2,2,4,2,3,Mestizo ,6,5,5,3,5,4,2,4,Mestizo ,5,5,5,4,5,3,2,5,Mestizo ,6,4,4,4,5,2,3,4,Mestizo ,5,5,4,4,5,3,3,5,Mestizo ,6,5,5,4,6,4,2,4,Mestizo ,6,5,5,4,6,2,3,3,Mestizo ,3,4,3,3,4,4,2,3,Mestizo 
7/16/2017 14:20,7/16/2017 14:36,186.66.173.132,88,954,0,R_22ZWSEcPk3OuSK5,,,24,female,Cuenca: 24 aí±os ,Cuenca,Parlantes ,Inglí©s: 10 aí±os ,FL_21,3,4,5,3,3,1,2,2,Mestiza,5,2,5,4,4,2,2,4,Mestizo ,5,4,6,5,5,4,2,4,Mestiza ,5,4,6,5,5,1,3,4,Mestizo ,5,4,5,5,5,2,2,3,Mestiza ,,,,,,,,,,,,,,,,,,,,,,,,,,,
7/22/2017 8:18,7/22/2017 8:37,186.71.250.84,100,1132,1,R_233q3Jhi4nu4Xo6,-0.216705322,-78.5,29,female,"Loja: 7 aí±osQuito: 22 aí±osLondres: 6 meses",Quito,No,Inglí©s: 3 aí±os,FL_21,2,5,4,3,3,3,3,3,Mestizo,6,4,5,5,5,1,3,4,Mestizo,5,6,5,4,5,1,3,5,Mestizo,2,4,2,3,3,4,2,2,Mestizo,3,5,5,5,6,2,3,4,Mestizo,5,5,5,5,6,1,3,4,Mestizo,2,3,2,4,2,3,2,2,Mestizo,5,4,2,4,2,3,3,3,Mestizo
7/20/2017 14:41,7/20/2017 15:45,181.39.15.189,100,3871,1,R_23aygXBcWDb73DR,-2.166702271,-79.90000153,26,male,Guayaquil - 26 aí±os,Coast,Audí_fonos,"Inglí©s (23 aí±os, uso diario), francí©s (4 aí±os), italiano (4 aí±os), mandarí_n (1 aí±o)",FL_21,3,4,5,3,5,3,2,2,Mestiza,5,4,5,2,3,4,2,4,Mestizo,3,4,5,4,4,3,2,3,Mestiza,5,5,5,5,4,4,3,2,Blanco,4,4,4,2,3,4,2,3,Indí_gena,4,4,4,2,4,4,2,4,Mestizo,4,4,4,5,5,4,3,2,Blanco,2,5,5,3,3,4,2,3,Mestiza
7/24/2017 17:09,7/24/2017 17:25,181.175.127.52,100,965,1,R_23f3jqiwBbECKvD,-2.883300781,-78.98329926,29,female,"Loja, Ecuador por 24 aí±osManhattan, Kansas por 2 aí±osCuenca, Ecuador por 3 aí±os",Loja,no,inglí©s he estudiado por 10 aí±os,FL_28,3,3,2,3,3,4,2,3,mestizo,4,4,4,4,4,3,3,3,mestizo,4,4,3,3,3,3,3,5,mestizo,5,5,5,5,5,3,3,3,mestizo,6,6,5,5,5,1,4,5,mestizo,5,4,4,4,4,3,3,4,mestizo,5,4,4,4,4,3,3,3,mestizo,3,3,3,2,2,1,2,3,mestizo
7/17/2017 9:16,7/17/2017 9:43,190.111.83.4,100,1603,1,R_24C9dWswTEWZ71q,-4,-79.21669769,25,female,En uno toda mi vida ,Loja,Audifonos,Una lengua ,FL_21,2,4,3,2,2,1,3,3,Mestizo,4,4,4,6,4,3,3,4,Mestizo,3,4,4,4,4,3,2,4,Mestizo ,6,5,5,5,5,3,3,3,Mestizo,6,5,5,5,5,3,3,5,Mestiza,4,4,4,5,5,3,3,4,Mestizo,4,4,5,4,5,3,3,3,Mestizo,3,5,4,2,2,3,3,3,Mestizo
7/4/2017 15:43,7/4/2017 16:06,181.199.13.227,100,1431,1,R_27a0TaNC3td0SdU,-2.166702271,-79.90000153,32,male,Guayaquil - toda la vida,Coast,Parlantes,"Inglí©s - alrededor de 12 aí±osFrancí©s - 6 aí±os",FL_21,3,3,6,4,4,4,3,2,Mestizo,6,5,6,4,4,1,3,4,Blanco,3,4,5,4,4,3,2,4,Blanco,4,4,5,5,5,2,4,3,Blanco,3,4,5,4,4,3,2,4,Blanco,6,6,6,5,5,1,3,4,Mestizo,4,5,6,4,5,1,4,3,Blanco,3,4,4,4,5,1,3,3,Mestizo
7/19/2017 7:01,7/19/2017 7:30,200.0.29.172,100,1723,1,R_27kzeYDF1hELRss,-2,-77.5,20,female,"Loja por 2 aí±os, Zaruma por 20 aí±os",Coast,si,ninguna,FL_28,6,6,6,6,6,1,3,2,mestizo,6,6,6,6,6,3,3,2,mestizo,6,6,6,6,6,3,4,3,mestizo,6,6,6,6,6,2,3,2,mestizo,6,6,6,6,6,3,4,4,Mestizo,6,6,6,6,6,3,3,3,Mestizo,6,6,6,6,6,3,3,2,mestizo,6,6,6,1,6,1,3,2,Mestizo
7/19/2017 8:10,7/19/2017 8:45,200.0.29.155,100,2079,1,R_27PWm5Lk7opGQBu,-2,-77.5,22,female,Loja / toda la vida,Loja,audí_fonos ,Ingles /  6 ciclos universitarios,FL_21,5,5,5,4,5,3,4,2,Mestiza,5,6,5,5,5,3,4,4,Mestizo,3,5,4,3,3,4,3,4,Mestiza,5,5,3,4,4,3,3,2,Mestizo,5,5,4,3,3,2,2,4,mestizo,5,5,4,4,5,3,3,4,mestizo,4,5,4,3,3,3,3,2,mestizo,5,5,4,4,3,1,3,3,mestizo
7/19/2017 7:25,7/19/2017 9:35,200.0.29.172,100,7768,1,R_27VymND60Tw7QWV,-2,-77.5,23,female,Cuenca tres dias ,Loja,audifonos,Ingles dos veces al dí_a,FL_21,4,3,3,4,2,1,3,3,mestizo,4,2,5,3,1,3,3,2,mestizo,4,2,2,3,2,2,1,3,mestizo,1,4,2,4,2,2,3,2,mestizo,3,2,3,2,2,2,2,2,mestizo,3,4,4,4,4,2,2,3,mestizo,4,3,2,2,3,2,2,2,mestizo,3,3,3,2,2,2,2,2,mestizo
7/18/2017 18:31,7/18/2017 18:51,190.152.178.59,100,1206,1,R_28GoWFZfWOataug,-0.216705322,-78.5,21,female,"En Quito he vivido toda mi vida, excepto un aí±o que cursí© kinder en Guayaquil.",Quito,Sí_,Hablo inglí©s y lo he estudiado desde los 3 aí±os.,FL_21,4,4,3,2,2,4,2,3,Negra,5,4,5,5,5,1,3,4,Mestizo,4,4,2,2,2,4,1,3,Mestiza,3,3,4,4,4,2,3,2,Mestizo,3,4,2,2,2,3,1,4,Mestiza,6,4,5,4,4,1,2,3,Mestizo,3,4,2,3,4,2,3,2,Mestizo,4,4,3,3,3,4,2,2,Negra
7/22/2017 10:08,7/22/2017 10:30,186.43.205.234,100,1298,1,R_2aCt4NJdJvXolCo,-2.883300781,-78.98329926,28,female,"Cuenca, toda la vida",Cuenca,Parlantes ,"Ingles, 18 aí±os ",FL_21,4,4,3,3,3,1,2,2,Mestizo,5,5,5,4,4,2,3,4,Mestizo ,5,3,4,5,5,3,3,4,Mestizo ,4,3,3,3,3,2,3,3,Mestizo ,5,3,3,4,4,3,3,3,Mestizo ,4,4,4,4,4,4,3,4,Mestizo ,4,3,4,4,4,2,3,3,Mestizo ,4,4,3,3,3,3,2,2,Mestizo 
7/5/2017 16:37,7/5/2017 17:04,181.112.84.182,100,1651,1,R_2ae92kE4tyt10v7,-2.166702271,-79.90000153,23,female,"En Quito 3 aí±os, y en Guayaquil 20 aí±os",Coast,parlantes,no hablo otras lenguas,FL_28,1,2,2,2,2,1,3,3,mestiza,4,2,5,5,6,1,2,4,blanco,5,4,3,1,1,1,1,5,mestiza,5,4,5,1,1,2,3,3,mestizo,5,5,3,3,3,2,3,6,blanca,3,3,4,3,4,3,3,4,ninguno,3,3,4,3,3,2,3,3,mestizo,5,3,4,4,4,1,3,2,blanca
7/22/2017 17:14,7/22/2017 17:52,186.43.194.97,100,2260,1,R_2amZoy44ZYYwyF7,-2.883300781,-78.98329926,48,female,"Quito 7 aí±os, ambato 4 aí±os, Latacunga 1 aí±o, Cuenca 36 aí±os ",Cuenca,No,Ninguna ,FL_28,5,4,5,4,4,4,2,3,Mestizo,6,5,6,5,5,4,3,4,Mestizo,5,4,4,5,5,4,3,4,Mestizo,5,4,5,4,4,4,3,2,Mestizo,6,4,4,5,5,4,2,5,Mestizo,6,5,6,5,6,4,3,4,Mestizo,6,4,4,4,4,4,3,2,Mestizo,6,4,4,3,3,4,2,3,Mestizo 
7/18/2017 17:20,7/18/2017 17:34,181.175.193.48,100,837,1,R_2B3fmgN2ezLUi2X,-0.216705322,-78.5,28,male,"Quito 26 aí±osPuyo 1 aí±oGuayaquil 6 mesesGalíçpagos 6 meses",Quito,Si,Inglí©s 14 aí±os,FL_21,4,4,4,4,5,4,3,2,Mestiza,6,3,4,2,2,4,3,4,Mestizo,5,4,4,4,5,4,3,5,Mestiza,5,2,2,4,5,2,3,2,Indigena,5,2,4,2,2,3,2,4,Mestiza,5,3,3,2,2,4,2,4,Indigena,5,2,3,4,3,3,3,2,Mestizo,5,2,3,2,2,3,3,2,Mestizo
7/18/2017 20:10,7/18/2017 21:02,200.107.40.238,100,3136,1,R_2bWfG0JtOEvWBKR,-2,-77.5,23,female,He vivido en Loja durante 23 aí±os.,Loja,Si he usado parlantes y audí_fonos.,Hablo el inglí©s desde hace 7 aí±os y la estudí_e 3 aí±os en una academia de inglí©s.,FL_28,2,3,3,2,2,4,2,1,Pasto,4,3,3,4,4,4,3,2,Andoa,3,3,2,2,2,1,2,1,Kitu Kara,3,4,4,3,3,4,3,2,Huancavilca,3,3,3,3,3,4,3,3,Kisapinchas,4,3,3,3,4,4,3,3,Otavalo,4,4,3,3,3,4,2,1,Shuar,3,2,2,3,3,3,2,1,Palta
7/22/2017 10:05,7/22/2017 11:33,186.101.162.56,100,5256,1,R_2BzV7OlCkvsQedt,-0.216705322,-78.5,31,female,"Quito, lugar de residencia Munich Alemania 1 aí±oWageningen Holanda. 2 aí±osSantiago de Chile 4 meses",Quito,Si,"Inglí©s 7 aí±os Alemíçn 2 aí±os ",FL_21,3,3,5,3,3,4,3,3,Mestizo ,5,4,3,4,4,1,2,3,Mestizo ,5,4,4,3,3,1,2,3,Mestizo ,4,4,4,4,4,4,2,3,Mestizo ,4,3,3,3,3,4,3,4,Mestizo ,5,4,4,3,4,3,3,3,Mestizo ,4,4,4,4,4,4,3,3,Mestizo ,4,3,4,3,4,2,3,3,Mestizo 
7/23/2017 14:01,7/23/2017 14:32,186.66.175.165,100,1842,1,R_2cB0fX8KvMXDjyA,-2.883300781,-78.98329926,38,male,Cuenca 37 aí±os,Cuenca,Si,Poco inglí©s dos aí±os,FL_28,4,4,3,3,3,3,2,3,Mestizo ,4,4,4,4,4,1,2,3,Mestizo ,4,4,4,3,4,3,2,3,Mestizo ,4,4,4,4,4,3,3,3,Mestizo ,4,2,4,4,5,2,2,5,Mestizo ,5,4,4,4,4,3,2,3,Mestizo,5,4,5,4,5,1,3,3,Mestizo ,4,4,4,4,4,3,3,3,Mestizo 
7/18/2017 13:57,7/18/2017 14:21,200.107.45.6,100,1443,1,R_2Csk00G5owyHgoF,-2,-77.5,24,female,"Loja, 24 aí±os",Loja,No,Ingles 13 aí±os,FL_28,3,4,5,2,3,4,3,2,Mestizo,5,6,4,4,6,2,3,4,Mestizo,4,4,6,6,6,3,3,6,Mestizo,4,4,4,4,6,3,3,2,Mestizo ,4,4,5,4,4,3,3,5,Ninguno,5,5,5,4,4,2,3,4,Ninguno ,4,4,3,4,4,3,3,2,Ninguno,4,4,3,4,4,3,2,2,Indí_gena 
7/20/2017 18:28,7/20/2017 18:50,181.211.75.139,100,1313,1,R_2D1Pa4mSbNxLJFi,-2,-77.5,23,female,Loja,Coast,audifonos,espaí±ol,FL_28,4,4,5,4,4,2,3,2,mestizo,5,5,5,4,4,1,3,3,mestizo,4,3,4,3,3,1,3,3,mestizo,5,5,6,4,4,3,3,2,mestizo,4,4,4,4,3,1,3,4,mestizo,6,5,6,5,4,3,4,3,mestizo,4,5,4,4,5,3,3,2,mestizo,2,3,3,3,2,1,3,3,mestizo
7/4/2017 16:03,7/4/2017 16:17,186.3.131.166,62,849,0,R_2dEfyennQ5691hc,,,23,male,Guayaquil-23 aí±os,Coast,audifonos,ninguna,FL_28,,,,,,,,,,,,,,,,,,,,,,,,,,,,,,,,,,,,,,,,,,,,,,4,4,3,3,4,1,2,2,Quitu Cara,,,,,,,,,,,,,,,,,,
7/21/2017 14:28,7/21/2017 14:55,192.188.55.10,91,1609,0,R_2DLCXJuJ77jekVh,,,37,female,"Loja 17Quito 20",Quito,No,Inglí©s 3 aí±os,FL_21,3,4,4,3,3,1,2,2,Mestiza,6,4,5,4,5,3,3,3,Mestizo,5,4,4,4,5,3,2,4,Mestiza,5,5,5,5,5,3,2,3,Mestizo,5,5,5,5,5,3,2,4,Mestiza,,,,,,,,,,,,,,,,,,,,,,,,,,,
7/25/2017 8:25,7/25/2017 8:43,200.63.104.71,100,1030,1,R_2dRCfCOMMbZUicR,-2.883300781,-78.98329926,19,male,cuenca por 19 aí±os ,Cuenca,si audifonos,ingles nivel basico,FL_21,4,4,3,3,3,2,2,2,mestizo ,4,4,3,3,3,1,2,3,meztizo,3,4,3,3,3,2,2,3,mestizo ,4,4,4,4,4,2,2,2,mestizo,4,4,3,3,3,2,2,3,mestizo,4,4,4,3,3,2,2,3,mestizo ,4,4,4,4,4,2,2,2,mestizo ,4,4,4,4,4,2,2,2,mestizo
7/21/2017 0:36,7/21/2017 0:45,186.43.149.191,100,535,1,R_2e8s1mFeldfXm5q,-2.883300781,-78.98329926,22,male,Cuenca 22 aí±os,Cuenca,Parlantes,Solo espaí±ol,FL_21,6,6,6,2,2,3,2,2,Mestiza,5,5,5,6,6,2,3,3,Metiza,3,3,3,5,5,2,3,4,Metiza,6,6,5,3,3,2,2,1,Indí_gena,5,5,4,4,4,2,3,4,Metiza,5,5,5,5,5,4,2,4,Metiza,6,6,6,6,6,4,2,1,Metiza,5,5,5,5,5,2,1,2,Metiza
7/18/2017 18:01,7/18/2017 18:25,190.96.98.9,100,1443,1,R_2ebuhHg9iqpZSnP,-4,-79.21669769,19,female,Loja toda mi vida ,Loja,Si,Ingles por 3 aí±os ,FL_28,3,3,3,2,3,4,3,2,Mestiza,4,4,4,5,5,3,5,4,Mestizo ,4,4,3,3,2,4,2,4,Mestiza,4,5,5,6,5,3,5,4,Mestizo ,4,4,4,3,3,2,3,3,Mestizo,5,4,5,5,6,3,4,5,Mestizo,3,4,4,5,4,1,4,4,Mestizo,4,4,3,3,2,4,2,2,Indigena
7/21/2017 14:48,7/21/2017 15:02,181.112.81.96,100,856,1,R_2EFsvV9Qpda4cKK,-0.216705322,-78.5,30,female,"Loja: 17 aí±os Cuenca: 4 aí±os Quito: 9 aí±os ",Loja,Si ,Espaí±ol: soy nativa ,FL_21,3,5,3,3,3,3,2,3,Peivincia,6,6,6,6,5,3,4,4,Ciudad,6,6,6,3,5,3,3,4,Ciudad ,6,6,6,4,4,3,3,3,No se ,6,5,6,5,6,3,3,4,No se ,6,5,5,6,5,3,3,3,No se ,6,5,5,5,4,3,3,3,No se ,4,6,5,3,3,3,2,3,No se 
7/17/2017 9:15,7/17/2017 9:46,190.111.83.4,100,1846,1,R_2EiMkYgvS0rCgbD,-4,-79.21669769,21,female,Loja ,Loja,Ausifonos,Espaí±ol,FL_28,6,5,5,5,5,3,3,2,Mestiza,6,5,3,3,3,3,3,4,Mestizo,6,5,4,3,2,4,2,2,Mestizo,6,5,4,4,4,2,3,3,Mestizo,6,6,4,3,3,2,2,2,Mestizo,6,6,2,5,5,3,3,4,Mestizo,6,6,3,4,5,2,2,1,Mestizo,6,6,2,3,3,4,2,1,Mestizo
7/15/2017 8:57,7/15/2017 9:11,186.43.143.81,76,823,0,R_2eQGDhfqKWiPrk1,,,36,female,1 si,Cuenca,Si,1,FL_21,2,1,4,3,3,3,2,3,Campesina ,3,2,4,3,4,3,2,4,Mestizos ,4,3,1,3,4,4,2,5,Mestizos ,2,2,3,4,3,2,3,3,Mestizos ,,,,,,,,,,,,,,,,,,,,,,,,,,,,,,,,,,,,
7/19/2017 8:03,7/19/2017 8:37,200.0.29.155,100,1997,1,R_2fHSdqxZnagewhW,-2,-77.5,21,female,Loja durante 21 a;os,Loja,No,"Espa;ol 18Ingles 8",FL_21,4,4,3,3,4,3,3,2,Mestizo,5,4,5,5,4,2,3,3,Mestizo,4,4,4,3,4,1,3,3,Mestizo,4,3,3,4,4,1,3,2,Mestizo,5,4,5,4,5,3,3,3,Mestizo,5,5,6,4,5,2,3,3,Mestizo,5,4,6,4,5,2,3,2,Mestizo,5,4,5,3,4,1,3,2,Mestizo
7/19/2017 8:28,7/19/2017 8:52,200.0.29.155,100,1401,1,R_2OZtV83lyFmoYSC,-2,-77.5,22,male,No he vivido en otros lugares.,Loja,audifonos,"Ingles 2, Frances 3 meses , Portugues 1 aí±o  , Rumano y  6 meses",FL_28,3,4,3,3,2,2,1,4,indigena,5,4,4,5,5,1,3,4,mestizo,3,3,4,3,4,2,2,5,mestiza,5,5,5,4,6,1,3,2,citadino,4,4,4,4,4,1,2,5,mestiza,3,5,5,5,5,1,3,4,Mestizo,3,4,3,4,4,3,3,2,mestizo,4,4,5,3,4,4,2,4,mestiza
7/25/2017 21:14,7/25/2017 21:46,191.100.69.55,100,1910,1,R_2PvDBxj0scccSmy,-2.883300781,-78.98329926,20,male,"Azuay Cuenca20 aí±os",Cuenca,Parlantes ,Espaí±ol ,FL_21,3,3,4,4,4,1,3,2,Mestiza,5,3,5,5,6,2,3,3,Mestizo,3,3,4,4,5,2,2,3,Mestizo,5,4,4,3,5,1,3,3,Mestizo,2,3,4,4,5,2,2,3,Mestiza,5,4,6,5,6,2,3,3,Mestizo,3,4,4,5,5,1,3,2,Mestizo,3,4,3,4,3,3,2,3,Mestizo
7/19/2017 8:14,7/19/2017 8:42,200.0.29.155,100,1660,1,R_2PzBN0QomF6TSxe,-2,-77.5,21,female,"Loja, 21 aí±os ",Loja,si,"Ingles, 4 aí±os",FL_21,3,3,4,4,4,3,3,2,mestizo,4,4,5,4,5,1,4,4,mesizo ,4,4,4,4,4,3,4,5,mestizo ,5,5,5,5,4,1,4,3,mestizo ,4,4,4,4,5,2,3,5,mestizo ,5,5,5,4,5,3,4,5,mestizo ,5,5,5,5,5,2,4,3,mestizo ,4,4,4,3,3,1,3,3,mestizo 
7/6/2017 8:15,7/6/2017 8:36,181.113.138.237,100,1257,1,R_2q1wwdUw56DOlx9,-2.166702271,-79.90000153,22,female,"Quito 10 aí±os Tulcíçn 9 aí±os Guayaquil 3 aí±os ",Quito,Parlantes,Ninguna. ,FL_28,5,4,6,4,3,4,4,3,Mestiza,6,5,6,4,5,1,4,4,Mestizo,5,5,4,3,3,1,2,4,Mestiza,5,4,3,4,4,2,3,3,Mestizo,4,5,3,4,4,2,2,4,Mestizo,5,3,6,5,5,1,4,4,Mestizo,5,3,5,5,5,1,4,3,Mestizo,4,5,6,3,3,4,4,3,Mestizo
7/5/2017 22:01,7/5/2017 22:25,181.113.136.88,100,1452,1,R_2qemVUsys2csDTJ,-2.166702271,-79.90000153,19,male,"Guayaquil, Toda la vida.",Coast,Audí_fonos ,"Ingles, 3 aí±os. ",FL_21,3,4,4,3,3,1,3,3,Mestiza ,4,4,4,3,4,3,4,4,Mestiza,3,3,5,4,4,4,3,6,Mestizo ,3,3,4,4,2,1,3,3,Mestizo,2,3,3,2,3,2,2,4,Mestiza,4,3,5,4,4,3,3,4,Mestizo,3,3,4,5,4,4,3,2,Mestizo ,3,4,3,3,3,2,2,3,Mestiza
7/21/2017 15:33,7/21/2017 15:49,200.7.247.237,100,963,1,R_2QfZ3x9CgHTibzp,-0.216705322,-78.5,37,male,Quito por 37 aí±os,Quito,Si,Inglí©s por 30 aí±os,FL_28,5,5,4,3,3,3,3,3,Mestizo,4,5,3,2,2,3,2,4,Mestizo,4,4,3,3,3,3,3,3,Mestizo,5,5,4,4,4,3,3,3,Mestizo,3,4,4,3,3,2,3,3,Mestizo,5,4,5,4,4,3,3,3,Mestizo,5,5,5,5,5,3,3,2,Mestizo,3,5,4,3,3,3,3,3,Mestizo
7/19/2017 6:59,7/19/2017 7:27,200.0.29.172,100,1655,1,R_2QQbnZuXSdgHL0o,-2,-77.5,29,male,Loja-29 aí±os,Loja,audí_fonos,Ingles 7 aí±os ,FL_28,6,6,5,4,3,3,3,5,mestizo,5,5,4,4,4,1,4,4,mestizo,5,4,4,5,5,3,2,5,mestizo,5,5,5,3,4,1,4,3,mestizo,6,4,3,4,4,3,2,5,mestizo,5,5,5,4,4,3,4,4,mestizo,4,4,4,4,3,3,3,3,mestizo,5,5,5,3,3,2,3,3,mestizo
7/18/2017 17:45,7/19/2017 9:11,200.0.29.171,100,55572,1,R_2QtvKZmvsq0dYWN,-2,-77.5,21,female,Loja 21 aí±os,Loja,No,"Inglí©s, desde la escuela hasta la universidadFrancí©s, desde el colegio",FL_21,3,4,4,2,3,3,2,3,Mestiza,5,3,3,4,4,3,3,5,Mestizo,5,4,3,4,5,3,3,4,Mestiza,5,2,2,4,4,4,3,2,Mestizo,5,3,3,5,4,2,3,5,Mestiza,4,4,4,3,3,3,3,4,Mestizo,4,4,4,4,5,3,3,2,Mestizo,4,4,3,2,2,3,2,3,Mestizo
7/21/2017 16:22,7/21/2017 16:33,190.160.130.231,82,659,0,R_2rlaMa9sIIq2IdL,,,28,male,Cuenca ,Cuenca,No,Ingles en la universidad ,FL_28,,,,,,,,,,,,,,,,,,,,,,,,,,,,,,,,,,,,,6,6,6,5,5,1,2,5,Mestizo ,5,5,5,3,4,3,3,3,Mestizo,6,6,6,4,4,1,3,3,Mestizo ,6,6,6,3,2,2,2,3,Mestizo 
7/4/2017 23:35,7/5/2017 0:36,186.68.52.208,100,3654,1,R_2roz6UeUDHbcHz6,-2.166702271,-79.90000153,20,female,Regií_n costa 20 aí±os ,Coast,parlantes,"francí©s, 2 aí±os ",FL_28,4,4,3,3,4,4,3,3,no sí©,4,4,5,3,4,4,3,3,NO SíŠ,4,4,5,3,3,4,3,3,NO SE,4,4,5,4,4,1,3,2,no sí©,4,4,4,4,3,4,3,3,NO SíŠ,4,3,4,3,5,4,3,3,NO SíŠ,5,4,6,4,4,4,3,2,NO SíŠ,4,4,6,3,1,4,3,3,NO SíŠ
7/22/2017 10:49,7/22/2017 11:04,181.211.17.8,100,884,1,R_2rSHWR5v6wXkTe1,-2,-77.5,33,male,Gualaceo,Cuenca,Audifonos,Inglí©s por un aí±o,FL_21,6,1,6,6,6,3,3,2,Meztiza,6,5,4,3,1,2,2,2,MeZtizo,5,6,6,5,6,2,2,4,Meztiza,6,6,6,4,6,2,3,2,Meztizo,6,4,6,4,6,2,3,4,Meztizo ,6,4,5,4,1,3,3,3,Meztizo,6,4,6,4,6,3,3,2,Meztizo,6,6,5,4,6,3,3,2,Meztiza
7/26/2017 14:51,7/26/2017 15:06,190.110.221.5,100,876,1,R_2ruyRTtO3zQcjp0,-3.266693115,-79.96669769,39,male,"Quito 20 aí±os Machala 2 aí±osRiobamba 2 aí±osLoja 2 aí±os Puerto el Carmen del Putumayo 2 aí±os Gualaquiza 2 aí±os",Quito,Si,PortuguíÈs 1 aí±o,FL_28,5,5,5,5,4,3,2,3,Mestiza,5,5,5,5,5,4,2,4,Mestizo,5,5,5,5,4,4,2,4,Mestizo,5,5,5,5,5,4,3,4,Mestizo,5,5,5,4,5,1,2,4,Mestizo ,5,4,5,4,5,2,3,3,Mestizo,5,5,4,4,4,3,3,2,Mestizo,5,5,5,4,4,3,3,2,Mestizo
7/4/2017 23:20,7/5/2017 0:01,181.198.193.179,100,2444,1,R_2ScoxoAYA6pzEx2,-2.166702271,-79.90000153,19,male,Solo en Guayaquil. ,Coast,Sí_,Francí©s por una duracií_n de aí±o y medio,FL_28,5,4,6,4,5,4,2,2,Mestizo ,4,4,3,4,4,3,2,3,Mestizo ,4,3,5,3,3,1,2,3,Mestizo,4,3,4,4,5,1,2,2,Mestizo ,4,4,4,4,4,1,2,3,Mestizo ,4,3,4,4,4,1,2,3,Mestizo ,4,3,3,3,4,3,2,1,Mestizo,5,4,5,5,2,3,3,2,Mestizo 
7/23/2017 21:35,7/23/2017 21:55,186.43.190.41,100,1223,1,R_2SiUoqwdWWd0YrR,-2.883300781,-78.98329926,23,male,"Cuenca 23 aí±os Southampton USA 3 meses San Juan Puerto Rico 1 mes ",Cuenca,Si ,Ingles 1 aí±o ,FL_21,5,3,3,3,3,1,2,2,Mestizo ,5,4,4,3,4,1,2,4,Mestizo,5,4,5,5,5,2,3,5,Mestizo,4,3,4,3,3,2,3,2,Mestizo,5,4,5,5,5,1,4,5,Mestizo ,5,4,4,3,3,4,2,4,Mestizo,4,3,4,4,4,1,3,3,Mestizo ,5,4,3,3,3,4,1,2,Mestizo 
7/24/2017 20:39,7/24/2017 21:03,186.43.195.78,100,1410,1,R_2SwqKT6p31art6k,-2.883300781,-78.98329926,24,female,"Cuenca 23 aí±os, Sucia, 2 meses, San Juan Bosco 1 aí±o.",Cuenca,Si.,Inglí©s 5 aí±os.,FL_28,5,3,3,4,4,2,3,4,Mestizo,5,3,4,4,4,2,3,3,Mestizo,5,4,4,4,4,2,2,3,Mestizo,4,4,4,2,2,2,2,3,Mestizo,6,3,3,3,6,2,3,3,Mestizo,3,4,2,4,5,2,3,2,Mestizo,5,4,5,5,5,2,2,2,Mestizo,6,1,3,3,4,2,2,2,Mestizo
7/22/2017 10:47,7/22/2017 11:09,186.43.217.88,100,1313,1,R_2ToacZNUWx9TWeK,-2.883300781,-78.98329926,37,female,Cuenca. 37,Cuenca,Audifonos,Ninguna,FL_28,4,5,3,2,5,3,2,2,Mestizo,6,5,6,5,6,2,3,3,Mestizo,4,5,4,5,4,1,3,2,Mestizo,4,5,3,3,3,2,3,2,Mestizo,5,5,4,4,5,1,3,2,Mestizo,3,3,4,4,4,2,3,3,Mestizo,4,3,3,4,4,3,3,3,Mestizo,5,5,4,3,3,4,2,3,Mestiza
7/18/2017 15:26,7/18/2017 15:46,200.0.29.176,100,1173,1,R_2TyPvIe9HreoGcX,-2,-77.5,20,male,"Loja EcuadorToda mi vida.",Loja,Si,"Ingles basico Sin estudios",FL_21,6,5,5,4,4,4,3,2,Indigena,5,4,5,4,4,2,3,2,mestizo,5,5,5,5,5,1,4,3,mestizo,4,5,5,4,4,2,3,2,mestizo,5,4,5,5,5,4,4,3,mestizo,5,4,5,4,4,1,3,3,indigena,4,5,4,5,5,3,3,3,mestizo,5,4,5,4,4,2,3,2,indigena
7/19/2017 7:07,7/19/2017 8:50,200.0.29.171,100,6158,1,R_2uZKNoE5A0vOajN,-2,-77.5,25,male,Catacocha = 19 aí±os y Loja = 7 aí±os hasta la actualidad,Loja,audí_fonos,Ninguna,FL_28,6,3,2,2,2,3,2,3,Mestizo ,5,6,5,5,5,4,3,4,Mestizo ,4,3,3,3,4,2,3,5,Mestizo ,5,3,3,4,5,4,3,2,Mestizo ,4,2,4,5,5,2,3,5,Mestizo,6,3,4,3,1,3,2,4,Mestizo ,5,3,5,5,5,4,2,3,Mestizo,4,4,4,2,2,4,2,3,Mestizo 
7/21/2017 22:41,7/21/2017 23:02,190.152.172.41,100,1246,1,R_2uZLwghVg8qk9Fg,-2,-77.5,35,male,Cuenca/35,Cuenca,No,Solo una,FL_21,2,4,3,3,3,3,2,2,Saraguro,5,3,4,3,4,2,2,3,Mestizo,5,4,2,3,3,1,1,4,Montubio,4,2,3,4,3,2,2,1,Mestizo,4,4,3,4,3,2,2,4,Mestizo,5,3,4,5,4,3,3,3,Mestizo,3,5,4,5,4,3,3,2,Mestizo,5,4,4,2,2,3,1,2,Saraguro
7/5/2017 3:08,7/5/2017 3:32,201.217.123.64,100,1435,1,R_2vhWdrPjLinWVhF,-2.166702271,-79.90000153,31,male,"Portoviejo durante 28 aí±os, y Guayaquil en los í_ltimos 3 aí±os.",Coast,Si,He estudiado Ingles desde muy nií±o (no avanzado) e Italiano durante unos meses.,FL_21,6,6,6,5,5,3,3,2,Mestizo,6,4,6,5,5,1,3,4,Mestizo,5,4,5,4,5,4,3,5,Blanca,4,6,5,4,5,3,2,1,Blanco,4,5,6,4,5,4,4,5,Mestizo,6,6,5,5,5,4,2,3,Mestizo,4,5,6,6,6,2,3,2,Blanco,6,6,5,5,6,2,3,3,Blanco
7/19/2017 8:28,7/19/2017 8:50,200.0.29.155,100,1293,1,R_2vi7WflsIGXdsxI,-2,-77.5,24,female,"Loja, 21 aí±os,Quito,3 aí±os",Loja,audifonos,"ingles, 3 aí±os",FL_21,4,4,5,3,3,3,2,2,mestizo,5,5,4,3,2,4,3,4,indigena,5,5,5,5,6,4,3,4,mestizo,5,4,4,3,3,1,2,2,indigena,5,5,4,4,3,4,2,4,mestizo,5,5,5,3,3,1,3,3,indigena,5,5,4,3,3,4,2,3,mestizo,4,5,4,3,2,3,2,2,indigena
7/17/2017 14:07,7/17/2017 14:18,200.107.27.10,100,681,1,R_2w1rTVHcUlWjPuW,-2,-77.5,24,male,Loja- Ecuador,Loja,SI,Espaí±ol,FL_21,5,4,5,4,4,3,3,3,Mestiza,5,5,5,4,4,3,3,4,Mestizo,4,4,4,4,4,4,2,5,Mestiza,4,4,4,4,4,3,3,3,Mestizo,4,4,4,4,4,3,2,4,Mestiza,4,5,4,4,4,3,3,4,Mestizo,4,4,4,4,4,3,3,2,Mestizo,4,4,4,4,4,3,3,3,Mestiza
7/19/2017 7:13,7/19/2017 7:31,200.0.29.171,100,1063,1,R_2WI1GpVfK088gLa,-2,-77.5,20,male,Loja-Ecuador 20 aí±os,Loja,Audifonos,Ninguna ,FL_28,5,4,4,4,4,4,3,3,Indigena,5,5,5,4,5,2,3,3,Mestizo,5,4,5,4,4,3,3,3,Mestiza,6,5,6,4,6,3,3,2,Mestizo,5,3,4,3,4,4,2,4,Mestiza,5,4,5,5,6,2,4,3,Mestizo,6,6,6,4,6,3,4,2,Mestizo,5,3,4,3,3,4,3,3,Indigena
7/19/2017 6:54,7/19/2017 7:15,200.0.29.172,100,1255,1,R_2wiaO5KpgUfl2Fl,-2,-77.5,22,female,Zaruma 19 aí±os Loja 3 aí±os ,Coast,audifonos ,espaí±ol,FL_21,3,3,2,1,1,4,2,3,Costa,5,5,2,3,2,2,2,4,Sierra,3,4,2,2,2,3,2,5,Sierra,4,4,1,3,3,4,3,2,mestizo ,3,3,4,4,4,2,2,6,mestizo ,3,4,2,3,3,3,3,5,mestizo ,3,4,3,3,4,3,3,2,mestizo ,4,4,2,2,3,4,2,4,mestizo 
7/19/2017 8:31,7/19/2017 8:50,200.0.29.155,100,1152,1,R_2WJdwCoibT39LD7,-2,-77.5,20,female,Loja 3 aí±os y Provincia de El Oro 18 aí±os,Coast,audí_fonos,Ingles 3 aí±os,FL_21,6,6,6,6,6,2,4,2,Mestizo,6,6,6,6,6,3,5,3,Mestizo,6,6,6,6,6,3,4,4,Mestizo,6,6,6,6,6,3,3,2,Mestizo,6,6,6,6,6,3,4,4,Mestizo,6,6,6,6,6,3,5,4,Mestizo,6,6,6,6,6,3,3,2,Mestizo,6,6,6,6,6,1,3,2,Mestizo
7/19/2017 6:57,7/19/2017 7:17,200.0.29.172,100,1196,1,R_2WT0rmx2CLta6JW,-2,-77.5,20,female,Loja ,Loja,Audí_fonos ,Inglí©s ,FL_21,3,3,4,3,3,3,3,3,Mestiza ,5,5,5,5,5,3,4,5,Mestizo ,4,5,4,2,2,3,3,3,Mestiza ,4,3,4,3,4,4,3,2,Mestizo,4,4,3,2,2,4,3,3,Mestiza ,5,4,5,4,4,3,4,4,Mestizo ,4,4,3,4,4,3,3,2,Mestizo ,4,4,3,2,1,4,2,3,Indí_gena 
7/5/2017 19:09,7/5/2017 19:36,190.57.139.50,100,1622,1,R_2YJ5vT5xKeR103d,-2.166702271,-79.90000153,27,male,Guayaquil 10 aí±os y Duríçn 17 aí±os,Coast,audifonos,inglí©s 1 aí±o,FL_21,3,2,3,3,3,2,3,3,no sí©,4,3,3,3,4,2,2,3,no sí©,3,3,3,4,3,2,2,3,no sí©,4,3,4,4,3,1,3,2,no sí©,3,3,4,3,3,2,3,4,no sí©,4,3,4,4,4,2,2,3,no sí© ,4,4,4,4,4,3,3,3,no sí© ,3,3,4,3,3,2,2,3,no sí©
7/19/2017 7:04,7/19/2017 7:25,200.0.29.172,100,1283,1,R_2YVY7JW5DOaCy4S,-2,-77.5,23,female,"EEUU: 3 aí±os Mí©xico: 6 meses",Loja,Si,"Inglí©s, toda mi vida",FL_28,5,5,6,5,6,3,4,3,Mestizo,4,4,5,5,5,3,4,3,Mestizo,4,4,6,5,6,3,3,4,Mestizo,5,4,5,4,4,3,3,3,Mestizo,3,3,5,4,3,3,2,4,Mestizo,5,5,4,5,5,3,3,3,Mestizo,5,5,6,5,6,3,4,2,Mestizo,4,3,5,4,4,3,3,2,Mestizo
7/19/2017 8:50,7/19/2017 9:28,181.39.80.106,100,2244,1,R_2z8djDY57p47JIu,-0.216705322,-78.5,36,male,"Quito por 30Guayaquil 3Oriente 3",Quito,No,Ninguna,FL_21,5,5,5,3,3,3,2,3,Mestizo,5,4,5,4,4,2,2,3,Mestizo,5,4,3,5,4,1,2,4,Mestizo,5,5,4,4,4,3,2,2,Mestizo,4,4,4,3,4,3,2,3,Imestiza,4,3,4,4,4,2,2,4,Mest,5,4,4,4,4,1,2,3,Mestizo,4,5,4,3,3,3,2,3,Mestiza
7/4/2017 19:40,7/4/2017 20:38,181.113.156.12,79,3476,0,R_2zBV2ZpvvNFtQR2,,,46,female,la mayor parte de mi vida he vivido en Guayaquil pero he viajado y he estado varios meses en la mayorí_a  de las provincias de mi paí_s.,Coast,Ninguno de los dos solo audio ,"Solo hablo espaí±ol, estudio inglí©s para mejorar mis conocimientos y me gusta escuchar la lengua quichua pero nivel muy bíçsico",FL_21,5,5,5,4,6,3,3,3,Mestizo,4,4,4,3,3,1,2,5,Mestizo,4,5,5,2,2,1,2,4,todos son mestizos ,2,2,2,3,6,3,3,4,Mestizo ,,,,,,,,,,,,,,,,,,,,,,,,,,,,,,,,,,,,
7/19/2017 7:09,7/19/2017 9:11,200.0.29.172,100,7336,1,R_2zTFGrARF6Vo1vi,-2,-77.5,21,female,"Machala 18 aí±osLoja         3 aí±os",Coast,Audí_fonos,Ingles- nivel regular desde el colegio ,FL_21,5,5,2,2,2,3,2,3,Mestizo,5,5,5,4,5,3,3,4,Mestizo,5,5,4,5,5,4,2,4,Mestizo,5,5,5,4,6,2,3,3,Mestizo,5,5,3,2,1,4,2,4,Mestizo,5,5,4,4,5,3,2,4,Mestizo,5,5,5,5,4,4,3,3,Blanco,4,5,5,4,5,2,2,3,Blanca
7/15/2017 8:22,7/15/2017 8:56,181.188.201.104,100,2060,1,R_2zwfzt6bYepAppx,-2,-77.5,31,female,Cuenca,Cuenca,No,Ninguna,FL_28,4,5,5,5,5,3,2,3,No se ,5,6,5,5,6,3,3,4,No se ,5,5,5,6,6,2,3,6,Meztizo,6,6,5,4,6,3,3,4,No se,5,1,6,6,6,2,3,6,Meztizo,6,6,6,4,6,3,3,4,Meztizo,6,6,6,5,6,1,4,4,Meztizo,5,6,4,4,4,3,2,4,Mestizo
7/17/2017 9:19,7/17/2017 9:59,190.111.83.4,100,2419,1,R_2zZ6mDQ1icdOkqt,-4,-79.21669769,29,female,Quito 7 anos changaimina 19 anos loja 3 anos,Quito,Audifonos,Espanol,FL_28,5,4,5,4,4,3,4,4,Mestizo,6,5,5,6,5,3,5,4,Mestizo,5,4,4,5,4,3,5,4,Mestizo,5,5,5,5,5,3,5,4,Mestizo,5,5,5,3,3,3,3,4,Mestizo,6,5,5,6,6,3,5,4,Mestizo,5,5,5,5,5,3,5,3,Mestizo,5,5,5,3,4,3,3,3,Mestizo
7/19/2017 23:23,7/20/2017 8:12,190.152.203.91,100,31772,1,R_301WG80M0cc9DrF,-0.216705322,-78.5,24,female,Quito 14 aí±os Loja 10 aí±os,Quito,Parlantes ,"Ingles 20 aí±os Portugues 6 meses ",FL_21,3,3,3,2,2,3,2,3,Mestizo ,5,5,5,5,5,3,4,4,Mestizo ,5,5,5,5,5,3,4,3,Mestizo ,5,5,5,5,5,3,4,4,Mestizo ,6,6,6,6,6,3,3,4,Mestizo ,6,6,6,6,6,3,4,4,Mestizo ,5,5,5,5,5,3,4,4,Mestizo ,4,4,4,4,4,3,2,3,Mestizo 
7/19/2017 8:07,7/19/2017 8:46,200.0.29.155,100,2341,1,R_305W1wDTc91Hc5b,-2,-77.5,23,male,"en saraguro por 18 anosen loja por 4 anos ",Loja,audí_fonos ,"espanol por 23 anos Ingles por 4 anos",FL_28,6,5,5,2,2,4,2,3,mestizo,6,6,6,5,5,3,4,4,mestizo,6,6,5,3,3,4,2,4,mestizo,6,6,6,5,5,3,4,3,mestizo,5,5,5,3,3,4,2,4,mestizo,6,6,6,5,5,3,4,4,mestizo,6,6,6,5,5,3,4,3,mestizo,5,5,5,2,2,4,2,3,mestizo
7/20/2017 17:58,7/20/2017 18:45,200.0.29.171,100,2787,1,R_31GxzDgcbwT1h0K,-2,-77.5,25,female,En Pií±as 18 aí±os y en Loja 7 aí±os,Coast,Si,Solo Castellano,FL_21,6,6,6,5,5,1,3,2,Mestiza,6,6,6,6,6,3,4,3,Mestizo,6,5,5,5,5,4,2,2,Mestizo,4,4,4,4,4,2,3,2,Mestizo,5,5,5,5,5,3,2,3,Mestiza,5,5,5,5,5,3,2,3,Mestizo,5,5,5,5,5,2,3,2,Mestizo,4,4,4,4,4,2,2,2,Mestiza
7/22/2017 10:34,7/22/2017 11:04,190.57.140.85,100,1787,1,R_31WOpUSzO2OqjwH,-2.883300781,-78.98329926,27,female,En Cuenca he vivido toda mi vida ,Cuenca,Parlantes ,"Conozco el inglí©s pero no hablo perfecto ,estudií© desde la escuela pero muy poco la verdad ",FL_28,4,5,6,5,5,2,3,3,Mestizo,5,5,6,5,6,2,4,4,Mestizo,4,5,5,5,5,2,3,3,Mestiza,4,5,4,4,4,1,2,3,Mestizo ,4,4,5,5,5,2,3,4,Mestizo ,5,6,6,5,5,2,3,3,Mestizo ,4,5,5,5,5,3,3,3,Mestizo ,4,5,5,5,5,2,3,4,Mestizo 
7/17/2017 8:55,7/17/2017 9:32,200.0.29.132,100,2224,1,R_31ZtOX3z0DcCTKf,-2,-77.5,22,male,"Loja, toda mi vida transcurrida",Loja,No,"Ingles, colegio y universidad, 3 aí±os",FL_28,5,5,6,3,3,3,2,2,mestizo,6,4,4,2,2,3,1,5,mestizo,6,5,6,5,6,3,3,5,mestizo,6,4,5,3,4,3,2,3,mestizo,6,5,5,4,6,3,3,6,Mestizo,5,4,5,2,2,3,1,5,Mestizo,5,4,6,4,4,3,3,2,mestizo,5,5,5,3,3,3,2,2,mestizo
7/17/2017 9:05,7/17/2017 9:24,181.112.207.61,100,1119,1,R_32K3t2xo3j236YT,-2.166702271,-79.90000153,20,female,En loja 20 aí±os ,Loja,Audí_fonos ,Ninguna ,FL_28,6,4,4,3,3,1,2,4,Mestizo ,6,4,4,3,3,2,2,3,Mestizo ,6,6,4,3,4,2,2,4,Mestizo ,6,5,5,3,3,4,3,2,Mestizo ,6,6,6,3,3,1,2,5,Mestizo ,6,5,5,3,4,2,2,4,Mestizo ,6,6,6,3,4,3,3,2,Mestizo ,6,3,3,3,3,1,2,3,Mestizo 
7/22/2017 10:47,7/22/2017 11:09,190.175.8.148,100,1356,1,R_334mKD42IXpA3Tz,-34.603302,-58.38169861,25,female,"CuencaArgentina durante 1 aí±o",Cuenca,si,ninguna,FL_28,4,5,4,3,2,2,2,3,mestiza,6,4,5,3,3,2,2,3,mestizo,4,5,4,4,6,4,3,4,mestizo,4,5,4,3,2,2,3,2,mestizo,3,5,6,5,5,2,4,5,mestiza,2,4,3,3,4,4,2,2,mestizo,2,4,5,4,4,1,3,2,mestizo,3,5,5,2,2,2,2,3,campesina
7/19/2017 7:05,7/19/2017 8:52,200.0.29.171,79,6410,0,R_3CTtqvSMijHgSxF,,,27,male,"Huaquillas 18 aí±os, Loja 9 aí±os.",Coast,audí_fonos,"ingles medio, 5 aí±os.",FL_28,,,,,,,,,,,,,,,,,,,,,,,,,,,,,,,,,,,,,5,5,6,5,5,2,2,4,"Ninguno, mestizo.",5,5,4,4,4,1,2,4,"Ninguno, mestizo.",5,5,5,4,4,1,3,2,"Ninguno, mestizo.",4,5,4,4,5,1,3,3,"Ninguno, mestizo."
7/19/2017 8:08,7/19/2017 8:50,200.0.29.155,100,2524,1,R_3e4fuVnvEhHzzy3,-2,-77.5,21,female,"QUITO/ECUADOR 2 AíïOSMALAGA/ ESPANA 13 AíïOSLOJA/ ECUADOR 3 AíïOS",Loja,audifinos,"espaí±ol/ mi lengua natalfrances/ un aí±o en el colegio",FL_28,4,4,4,3,3,3,2,2,mestiza,5,5,4,3,4,3,1,4,mestizo,5,5,4,2,2,2,1,4,mestiza,5,5,3,4,4,2,1,2,mestizo,5,5,4,2,2,2,1,5,mestizo,6,5,4,4,4,3,3,3,mestizo,5,5,3,4,5,3,2,2,mestizo,5,5,4,3,3,3,1,3,mestiza
7/19/2017 6:57,7/19/2017 7:23,200.0.29.172,100,1549,1,R_3EtKZggv27p4CK3,-2,-77.5,20,male,"Ambato 1 aí±o, Loja 19 aí±os.",Loja,Audifonos,Solo espaí±ol,FL_28,3,2,2,3,2,4,3,4,Indigena,5,3,5,4,5,2,3,4,mestizo,3,2,1,4,4,3,3,4,Mestiza,5,5,6,5,6,3,3,3,mestizo,2,2,1,3,2,4,3,4,Indigena,6,5,6,5,6,3,4,3,Mestizo,4,4,2,3,4,2,3,3,Mestizo,4,3,3,3,2,4,3,3,Indigena
7/19/2017 8:15,7/19/2017 8:51,200.0.29.155,100,2131,1,R_3EvaQvgpUjdejL8,-2,-77.5,23,female,"Cariamanga 23 aí±osLoja, 3 aí±os",Loja,SI,"INGLES, 2 aí±os",FL_28,2,3,2,2,2,4,2,4,Mestizo,3,3,3,3,2,3,2,4,Mestizo,3,3,3,3,3,3,2,5,Mestizo,3,3,3,3,3,3,3,3,Mestizo,3,3,3,3,3,3,2,5,Mestizo,4,3,4,2,2,3,2,4,Mestizo,2,3,3,4,4,3,3,3,Mestizo,3,3,4,3,3,3,2,3,Mestizo
7/19/2017 7:16,7/19/2017 8:57,200.0.29.171,100,6029,1,R_3Evi4jePX8vA065,-2,-77.5,28,male,ciudad_loja_San lucas 20 aí±os ; Ciudad_Quito 8 aí±os,Loja,audí_fonos,Espaí±ol_Quichua,FL_28,4,3,4,2,2,1,2,3,mestizo,4,3,2,2,1,3,1,4,Mestizo,4,4,3,2,2,2,1,5,Mestizo,4,5,4,3,5,1,3,3,Mestizo,4,4,3,2,2,2,1,5,Mestizo,5,4,5,3,3,4,1,4,Mestizo,5,4,6,5,5,3,4,3,Mestizo,4,4,4,4,4,2,2,3,Mestizo
7/16/2017 11:26,7/16/2017 11:39,181.113.155.7,74,790,0,R_3F3OW0d8jx710mc,,,40,female,"Quito 12Puyo 5Cuenca 23",Cuenca,Si,Ninguna ,FL_28,,,,,,,,,,,,,,,,,,,,,,,,,,,,,,,,,,,,,5,4,4,4,4,1,2,6,Mestiza ,5,5,6,5,5,3,3,3,Mestizo ,5,3,3,3,3,2,3,2,Mestizo,5,4,3,2,2,4,3,2,Mestiza 
7/17/2017 17:12,7/17/2017 17:48,190.96.98.7,100,2164,1,R_3fIw0wrSBabun9m,-4,-79.21669769,21,male,"zamora: 3 aí±os y medio voy en vacacionesyantzaza: 2 aí±ossanta rosa: 2 aí±osguayaquil: 1 aí±ososoranga: 1 aí±omadrid-Espaí±a: 1 aí±o",Loja,Si," ingles, solo tiempo bíçsicos en el sistema educativo",FL_28,4,4,4,3,2,3,2,3,mestisa,5,5,5,4,4,2,2,3,mestiso,5,5,4,4,5,2,2,4,mestiso,6,5,5,4,5,2,4,3,mestiso,5,4,4,3,3,1,2,3,Mestiza,5,5,5,4,5,3,2,3,Mestizo ,5,5,5,5,6,3,4,3,Mestizo,5,4,5,5,5,3,2,3,Mestiza
7/19/2017 8:22,7/19/2017 8:47,200.0.29.155,100,1460,1,R_3fPN59OrK7WQTIe,-2,-77.5,20,male,"Loja- 17 aí±osNewark- 3 aí±os",Loja,no,"Espaí±ol- 16 aí±osInglí©s- 5 aí±os ",FL_28,6,5,6,5,6,4,3,3,mestiza,6,5,6,5,6,4,3,3,mestizo,6,5,6,5,6,1,3,3,mestiza,6,5,6,5,6,1,3,3,mestizo,6,5,6,5,6,1,4,3,mestiza,6,5,6,5,6,1,3,2,mestizo ,6,5,6,5,6,3,4,2,mestizo,6,5,6,5,6,1,3,3,mestizo
7/21/2017 9:46,7/21/2017 10:12,191.100.78.168,100,1544,1,R_3g1VDQ0sviECzFu,-2.883300781,-78.98329926,22,male,he vivido en Cuenca por toda mi vida.,Cuenca,parlantea,ingles y lo venido estudianso durante 15 aí±os en mi coligio y ahora en la universidad,FL_28,5,4,5,3,4,4,2,3,mestizo,6,4,6,4,6,2,3,3,mestizo,6,3,5,6,6,3,2,4,mestizo,5,4,5,3,5,1,2,2,mestizo,6,3,5,6,6,2,2,4,mestizo ,5,5,6,5,6,2,3,3,mestizo ,4,5,4,4,6,1,3,3,mestizo,5,4,5,3,4,4,2,3,mestizo
7/19/2017 6:58,7/19/2017 7:25,200.0.29.171,100,1596,1,R_3gNto7bbzlJehfn,-2,-77.5,21,female,"SANTA ROSA - 18 aí±osLOJA - 3",Coast,AUDIFONOS,Ninguna,FL_21,4,4,5,3,3,3,2,3,saraguros,6,5,4,3,6,2,2,3,salasacas,4,4,1,2,4,4,1,4,Otavalos,6,6,6,5,6,3,3,3,Quechuas,3,5,1,2,2,2,1,4,Quechuas,5,5,4,4,6,3,2,4,Saraguros,4,6,6,5,6,2,3,3,Quechuas,4,5,5,3,2,3,2,4,Quechuas
7/19/2017 8:24,7/19/2017 8:41,200.0.29.155,100,996,1,R_3hGE2vrhPg3P7pA,-2,-77.5,21,female,"Loja 18 anos, Quito 2 anos",Loja,No,Espa;ol e Inglí©s 3 a;os,FL_28,3,4,4,2,2,2,2,4,Indí_gena,3,3,1,3,3,2,3,4,Mestizo,3,3,2,3,3,3,2,4,Indí_gena,3,3,2,4,4,1,3,2,Mestizo,3,4,2,3,3,2,2,4,Mestiza,3,4,1,3,4,2,2,4,Mestizo,3,3,2,4,3,3,3,2,Mestizo,3,4,4,3,3,1,2,4,Mestizo
7/23/2017 21:15,7/23/2017 21:28,190.10.195.26,100,736,1,R_3hi7eKuXQuTcsh2,-2.883300781,-78.98329926,26,female,Vivo en cuenca y Vivi un aí±o en guayaquil ,Cuenca,Parlante,Ingles estudie en el colegio ,FL_21,3,3,3,4,3,1,3,2,Mestiza,4,4,4,4,4,4,2,3,Mestizo,3,3,3,3,3,3,2,5,Mestiza,3,3,3,3,3,4,2,3,Mestizo ,3,3,4,3,4,3,2,4,Mestiza,4,3,4,4,3,2,3,4,Mestizo ,3,3,4,3,3,3,3,2,Mestizo ,2,2,2,2,3,3,2,3,Mestiza 
7/4/2017 21:18,7/4/2017 21:45,186.68.51.50,100,1624,1,R_3hoocdlwcznatBl,-2.166702271,-79.90000153,22,male,"Manta (18 aí±os)Guayaquil (4 aí±os)Cuenca (3 meses)",Coast,Parlantes,Francí©s (2 aí±os),FL_21,6,5,6,4,6,1,4,2,mestiza,6,6,6,4,4,2,3,3,mestizo ,5,4,6,4,6,3,3,5,mestiza-blanca,5,3,3,4,3,2,2,4,mestizo,5,4,6,4,6,3,3,4,mestiza-blanca,5,5,6,5,4,3,2,4,mestizo,6,3,4,4,4,3,2,3,mestizo,6,5,6,5,6,2,4,3,mestiza
7/22/2017 0:42,7/22/2017 1:15,181.198.97.146,100,1986,1,R_3HuIh6durT9FHYt,-2.883300781,-78.98329926,24,female,Cuenca 7 aí±os,Cuenca,no,Ingles por 3 aí±os,FL_21,3,4,4,3,3,3,1,3,mestizo,5,6,5,3,3,2,2,3,mestizo,3,4,3,3,4,2,2,5,mestizo,3,3,3,3,3,1,3,2,mestizo,4,3,4,4,4,2,2,4,mestizo,3,3,3,4,4,2,2,4,mestizo,5,3,4,4,6,1,3,2,mestizo,3,4,3,2,2,3,2,3,mestizo
7/18/2017 19:16,7/18/2017 19:37,186.101.133.204,100,1241,1,R_3hutUJ9S0p7f83p,-0.216705322,-78.5,22,male,Quito 22 aí±os,Quito,Si ,"Ingles - 13 aí±os",FL_21,6,6,6,3,2,1,3,4,Mestizo,6,3,5,5,5,3,4,5,Mestizo,6,5,5,5,5,1,4,6,Mestizo ,6,6,6,3,1,2,3,2,Indigena ,6,3,5,5,6,1,4,6,Mestizo,6,5,5,5,6,3,4,5,Mestizo,6,5,6,5,6,2,4,3,Mestizo,6,5,5,2,4,1,3,3,Mestiza
7/22/2017 10:25,7/22/2017 10:40,191.100.44.139,100,910,1,R_3iKlv70zgPnxn3R,-2.883300781,-78.98329926,30,male,Cuenca 30 ,Cuenca,No,Ninguna,FL_21,6,4,4,4,2,3,3,2,Mestizo,5,3,4,3,3,2,2,4,Mestizo,3,3,3,3,1,2,1,6,Mestizo,6,6,6,6,6,1,4,2,Mestizo,4,3,3,3,3,3,1,4,Mestizo ,5,5,5,5,5,2,2,3,Mestizo ,5,5,5,5,5,2,2,1,Mestizo ,3,3,3,3,3,2,2,3,Mestizo 
7/22/2017 10:07,7/22/2017 10:25,83.56.53.211,100,1120,1,R_3j3eK9KOhdzL0Np,40.41650391,-3.702606201,28,female,Loja 1 aí±o ,Loja,audí_fonos,"Inglí©s, un aí±o aproximadamente ",FL_28,5,4,4,4,4,1,3,3,mestiza,5,4,4,4,4,4,3,3,mestizo,5,4,4,4,4,4,3,3,mestiza,5,5,4,4,4,3,3,2,mestizo,5,4,4,4,5,4,2,3,mestiza,5,4,4,4,5,4,3,3,mestizo,5,5,4,4,4,3,3,2,mestizo,5,4,4,4,4,1,3,3,mestiza
7/19/2017 8:27,7/19/2017 8:52,200.0.29.155,100,1482,1,R_3JyJKl5pJ9PfyU9,-2,-77.5,23,female," Espaí±a por 11 aí±os, Cariamanga 7 aí±os y Loja por 3 aí±os",Loja,Audifonos," el idioma Valenciano por 9 aí±os, Ingles 3 aí±os",FL_28,4,5,4,4,4,3,3,3,mestizo,4,5,4,4,3,1,2,3,mestizo,4,4,4,3,4,2,3,3,mestizo,4,4,3,4,4,1,3,2,mestizo,4,4,5,4,3,1,3,3,Mestizo,4,4,2,3,2,2,2,3,mestizo,4,4,4,4,4,2,3,2,mestizo,4,3,4,4,4,1,3,3,mestizo
7/28/2017 22:17,7/28/2017 22:49,186.101.222.28,100,1933,1,R_3kdFsBctCXaaK1D,-2.166702271,-79.90000153,35,female,guayaquil desde 1981 hasta 2006. Buenos Aires desde 2007 hasta 2012. guayaquil 2013-2014. Coimbra 2015 a 2017. guayaquil en la actualidad,Coast,parlantes,"portuguí©s. 24 mesesinglí©s en mí_ltiples ocasiones pero no lo hablo",FL_21,4,4,4,3,4,1,2,3,indí_gena,4,4,4,3,4,3,2,3,mestizo,4,4,4,3,4,3,2,4,mestiza,4,4,4,3,4,2,3,2,mestizo,4,4,4,3,4,3,2,4,indí_gena,4,4,4,3,4,3,2,3,mestizo,4,4,4,4,4,1,3,2,mestizo,4,4,4,3,4,2,3,3,indí_gena
7/23/2017 13:22,7/23/2017 22:55,190.160.130.231,82,34387,0,R_3m2k5OYVSb5yVhr,,,26,male,cuenca 25 aí±os,Cuenca,no,"chino por un aí±o , ingles en constante estudio",FL_28,,,,,,,,,,,,,,,,,,,,,,,,,,,,,,,,,,,,,6,6,6,6,6,2,3,4,mestizo,6,6,6,6,6,2,5,3,mestizo,6,6,6,6,6,1,3,2,mestizo,6,6,6,6,6,2,4,3,mestizo
7/4/2017 17:29,7/4/2017 18:21,200.125.216.109,85,3162,0,R_3MbAxfYIwIf6SbG,,,18,female,"Portoviejo: 15 anos Jipijapa: 2 anosGuayaquil: ano y medio",Coast,audifonos,ninguno,FL_21,6,2,6,4,5,4,3,2,mestiza ,6,5,5,4,6,1,4,3,indigena,4,3,3,4,3,4,2,4,mestiza,4,5,4,4,3,3,2,2,mestizo,,,,,,,,,,,,,,,,,,,,,,,,,,,,,,,,,,,,
7/19/2017 7:17,7/19/2017 7:29,200.0.29.172,79,741,0,R_3MhV5cS7LICVVQ8,,,23,female,Loja 23 aí±os,Loja,Audí_fonos,Espaí±ol,FL_28,,,,,,,,,,,,,,,,,,,,,,,,,,,,,,,,,,,,,3,3,5,4,3,1,3,4,Mestizo,5,3,5,2,4,3,4,4,Mestizo,5,4,5,3,5,3,3,3,Mestizo,4,3,3,4,2,1,3,2,Mestizo
7/17/2017 9:05,7/17/2017 9:59,181.112.99.151,100,3209,1,R_3n2uD7WSGhHPCuc,-0.216705322,-78.5,21,female,"Machala 21 aí±os Loja 4 meses ",Coast,audí_fonos ,Ninguna ,FL_21,2,4,4,4,3,1,3,3,No se ,3,3,2,2,1,2,1,4,Cholo,3,3,3,3,4,4,2,4,Montuvia ,3,3,3,3,3,3,2,3,Saraguro ,3,3,3,3,3,4,3,4,Montuvia,3,4,3,3,2,4,1,4,Kayambi,3,4,3,3,4,4,3,2,Montuvio ,3,4,4,3,3,3,3,3,Saraguro 
7/19/2017 14:36,7/19/2017 15:06,186.68.127.105,100,1786,1,R_3nuOS5JFikYhDtm,-4,-79.21669769,23,male,"Desde que nací_ e vivido en en Catacocha, por 19 aí±os, actualmente estoy viviendo en La ciudad de Loja por 4 aí±os. ",Loja,Parlantes,por ahora ninguna otra lengua.,FL_28,4,3,3,2,3,3,2,3,Mestiza,5,4,5,4,5,3,2,4,Mestizo,4,3,3,4,4,3,3,4,Mestiza,4,4,3,3,3,3,2,2,Mestizo,4,3,4,4,5,3,3,4,Mestiza,4,4,5,4,4,3,3,3,Mestizo ,5,3,3,3,4,3,2,3,Mestizo,4,4,4,3,4,1,2,3,Mestiza 
7/18/2017 14:12,7/18/2017 14:29,181.211.29.159,100,998,1,R_3NzaTJ1b2fUwkO1,-4,-79.21669769,27,male,Quito,Quito,No,Ninguna,FL_21,3,2,1,2,5,3,2,1,Meztizo,6,5,4,4,6,3,3,3,Meztizo,4,5,6,5,6,3,4,4,Meztiza,6,6,5,4,6,3,3,2,Meztizo,6,5,3,4,6,3,2,4,Meztiza,6,5,4,4,6,3,3,4,Meztizo,5,1,1,4,6,3,2,3,Meztizo,1,4,5,3,5,3,2,2,Meztizo
7/28/2017 19:12,7/28/2017 19:29,157.100.240.48,100,1009,1,R_3oHkqmPE7XibJNh,-0.216705322,-78.5,24,female,Quito siempre ,Quito,Parlante ,Ingles por siempre ,FL_28,5,5,5,5,5,3,2,2,Mestizo ,5,5,5,5,5,3,3,3,Mestizo ,5,5,5,5,5,1,3,3,Mestizo ,5,5,5,5,5,1,3,3,Mestizo ,2,4,5,4,5,2,2,4,Mestizo ,6,6,6,5,6,1,3,4,Mestizo ,5,5,5,5,5,1,4,3,Mestizo ,4,5,5,4,4,3,3,3,Mestizo 
7/29/2017 1:44,7/29/2017 1:59,200.125.245.215,100,926,1,R_3oYNhWWt7DSJVaa,-0.216705322,-78.5,27,female,Guayaquil 3 meses,Coast,No,"Ingles 12 aí±os, alemíçn 2 aí±os, portuguí©s 1 aí±o",FL_21,5,4,3,3,4,1,2,2,Mestizo ,6,5,5,4,5,2,3,2,Mestizo,5,4,4,5,4,4,2,3,Mestizo ,5,4,3,3,3,3,2,2,Mestizo,4,4,4,4,4,1,3,2,Mestizo ,5,5,5,4,4,2,3,2,Mestizo ,3,4,3,3,3,4,2,2,Mestizo ,3,4,5,3,4,2,3,2,Mestizo 
7/28/2017 19:12,7/28/2017 19:29,157.100.240.48,100,1018,1,R_3p3woEcUsIGByNY,-0.216705322,-78.5,23,female,Quito por 23 aí±os ,Quito,Si,Ingles por 2 aí±os ,FL_28,1,1,1,1,1,3,3,2,Mestizo ,6,6,6,6,6,1,4,3,Mestizo,4,5,4,4,5,1,2,4,Mestizo,6,6,6,6,6,1,3,2,Mestizo,4,5,5,6,6,1,2,4,Mestizo ,6,6,6,6,6,1,3,3,Mestizo ,5,5,5,5,5,1,4,2,Mestizo,2,3,4,4,4,4,3,3,Mestizo 
7/6/2017 0:08,7/6/2017 0:39,186.68.1.34,85,1869,0,R_3Pq0xFvByRNBaF2,,,18,female,He vivido toda mi vida en una misma ciudad. Llevo un aí±o trasladíçndome y residiendo en otra por cuestiones de estudio.,Coast,Audí_fonos,"Inglí©s. Lo he estudiado aproximadamente por 12-13 aí±os de mi vida. Actualmente lo domino muy bien. Ademíçs, llevo 9 meses estudiando y aprendiendo francí©s desde cero.",FL_21,5,4,5,3,3,2,3,2,Mestiza,5,5,5,3,5,2,3,4,Mestizo,5,4,5,3,5,1,3,3,Mestiza,5,5,5,3,4,2,3,2,Mestizo,,,,,,,,,,,,,,,,,,,,,,,,,,,,,,,,,,,,
7/18/2017 14:39,7/18/2017 14:55,186.68.126.171,100,970,1,R_3PXoTZekUqO2XEl,-4,-79.21669769,18,female,"Loja, he vivido aquí_ por 18 aí±os ",Loja,No,"Inglí©s y alemíçn, inglí©s por 10 aí±os, aleman 1 aí±os ",FL_21,2,6,4,3,4,3,3,3,Nose ,2,3,3,5,4,3,3,3,No se,4,4,4,4,4,2,3,3,No den ,3,5,2,3,4,1,2,1,Shuar ,4,4,2,4,4,2,3,3,No den ,1,1,3,6,2,3,3,3,Tsachila ,4,4,4,3,3,1,3,3,Shuar ,4,4,3,3,4,1,3,3,No 
7/19/2017 8:24,7/19/2017 8:40,200.0.29.155,100,966,1,R_3qgP1Z11B6GbByL,-2,-77.5,21,female,en portovelo / toda mi vida ,Coast,no,ingles durante 3 a;os,FL_21,3,3,3,3,3,2,3,1,mestiza,4,4,4,4,4,3,3,3,mestizo,4,4,4,4,4,2,2,3,mestiza,4,4,4,4,4,2,3,2,mestizo,5,5,5,5,5,3,2,3,blanca,5,5,5,5,5,3,2,3,blanco,5,5,5,5,5,3,3,2,blanco,4,4,4,4,4,1,3,2,mestiza
7/19/2017 8:16,7/19/2017 8:49,200.0.29.155,100,1977,1,R_3qrmfLlbqbxYPYa,-2,-77.5,25,female,"Guachapala, Azuay - 14Palanda, Zamora Chinchipe, - 4Loja, Loja  - 2 ",Cuenca,audí_fonos ,Ingles por 11 a;os ,FL_21,6,4,5,2,2,4,3,2,Mestizo ,6,4,5,3,5,1,2,3,Mestizo ,5,5,5,2,3,4,2,3,Mestizo ,4,5,6,3,5,2,3,2,Mestizo ,5,5,6,5,3,4,2,5,Mestizo ,6,5,6,4,4,2,2,4,mestizo,5,4,6,4,4,1,3,2,Mestizo ,6,5,6,5,4,4,2,2,Mestizo 
7/19/2017 8:09,7/19/2017 8:47,200.0.29.155,100,2294,1,R_3R7vxwE2j2IYqnv,-2,-77.5,23,male,"CATAMAYO DESDE 0/13LOJA DESDE LOS 13/ACTUALIDAD ",Loja,AUDIFONOS,"INGLES DURANTES 5 A;OS EN UNA ACADEMICA PRIVADAEN LA UNIVISEIDAD COMO CARRERA VOY 3 A;OS",FL_28,5,5,4,4,4,3,2,3,mestizo,6,5,4,4,4,3,2,4,mestizo,5,4,5,4,4,3,1,5,mestizo,5,5,4,4,4,3,3,3,mestizo,5,5,5,3,2,3,1,5,mestizo,5,4,4,3,5,3,2,4,mestizo,5,5,6,5,5,3,3,3,mestizo,4,5,5,3,3,3,2,3,mestizo
7/24/2017 18:14,7/24/2017 18:32,191.100.165.238,100,1119,1,R_3Rr9zCLpJbu2dXl,-2.883300781,-78.98329926,24,male,Cuenca 24 aí±os,Cuenca,parlantes,ingles 2 aí±os,FL_21,3,2,1,3,3,2,3,2,mestiza,1,1,1,4,4,2,1,4,meztizo,2,1,2,2,2,2,2,4,mestiza,2,1,2,3,2,1,2,2,mestizo,1,1,3,4,4,2,1,4,mestiza,1,1,2,3,3,2,2,4,mestizo,2,2,2,3,3,2,3,2,mestizo,2,2,1,2,3,2,3,2,mestizo
7/13/2017 21:12,7/13/2017 21:24,186.101.177.224,96,759,0,R_3Rt26CRCqkjArWX,,,36,male,Quito 35 aí±os ,Quito,Si,Ingles por 5 aí±os ,FL_21,6,4,4,5,1,3,2,2,Meztizo,5,3,4,5,2,4,3,4,Meztizo,6,6,6,5,6,3,2,5,Meztizo,6,4,4,5,5,4,2,4,Meztizo,6,4,4,4,4,4,2,4,Meztiza,6,6,6,5,4,3,3,4,Meztizo ,6,5,5,5,6,4,3,3,Meztizo ,,,,,,,,,
7/22/2017 11:10,7/22/2017 11:24,191.100.86.115,100,834,1,R_3s6wlXLqzbLzchA,-2.883300781,-78.98329926,39,male,Cuenca 39 aí±os,Cuenca,si,Ingles 1 aí±o,FL_28,2,3,3,5,4,4,2,3,mestiza,3,4,3,4,4,3,3,4,mestizo,3,3,3,3,3,2,2,3,mestiza,4,4,2,4,4,2,2,3,mestizo,3,2,4,4,2,3,3,4,mestiza,4,3,5,5,5,1,4,4,meztizo,4,3,4,5,3,3,4,3,mestizo,2,3,3,3,3,1,2,3,mestiza
7/19/2017 7:01,7/19/2017 7:25,200.0.29.172,100,1396,1,R_3sgfFjfzct2ct1m,-2,-77.5,20,female,Loja por 20 aí±os,Loja,Audifonos,Ingles ,FL_21,1,4,6,3,2,4,2,4,Mestizo,5,5,4,3,1,2,2,5,Mestizo,3,5,3,2,1,4,1,5,Mestzo,5,4,5,4,4,1,4,4,Mestizo,5,4,3,3,1,1,1,4,Mestizo,5,5,3,4,3,4,3,4,Mestizo,4,3,5,4,3,4,3,3,Mestizo,2,4,4,3,4,2,2,3,Mestizo
7/22/2017 8:42,7/22/2017 9:33,191.100.103.56,100,3095,1,R_3snANvCx8FuDYZC,-2.883300781,-78.98329926,47,male,"Quito 2 aí±osCuenca toda mi vidaPasaje 13 aí±os",Cuenca,No,"Ingles 5 aí±osHebreo 2 aí±os",FL_28,5,4,5,3,4,3,2,3,Mestiza,5,5,5,5,5,3,3,4,Mestizo,5,5,5,5,5,2,3,4,Mestiza,5,4,4,4,5,1,2,3,Mestizo,6,5,6,5,6,2,3,4,Mestiza,5,4,5,4,6,4,2,4,Indigena,5,3,4,4,5,3,3,4,Mestizo,5,4,5,4,4,1,2,2,Mestiza
7/22/2017 11:05,7/22/2017 11:24,191.116.53.105,100,1165,1,R_55UdJHbT590hyb7,-33.4624939,-70.66819763,26,male,"Santiago de Chile6 meses de residencia",Cuenca,Audifonos,"Ingles bíçsico,  aprendido en enseí±anza media y universitaria",FL_21,4,4,4,4,4,1,3,2,Mestizaje,5,5,6,3,6,2,3,3,Mestizaje,5,5,5,5,5,3,2,4,Mestizaje,5,6,6,3,3,2,3,2,Mestizaje,3,4,3,3,1,2,2,4,Indigena,5,5,3,3,3,1,2,3,Mestizaje,3,3,3,3,3,1,2,3,Mestizaje,2,4,3,2,2,2,1,2,Indigena
7/17/2017 20:01,7/17/2017 20:41,181.211.231.23,100,2444,1,R_574yUd9XFLnDoo9,-2,-77.5,21,female,En la ciudad de Loja 21 aí±os ,Loja,audifonos,ingles por 3 aí±os ,FL_21,4,4,2,3,3,3,3,2,Mestizo,4,5,4,4,5,3,4,4,Mestizo,5,5,5,4,4,3,3,4,Mestizo,4,1,4,4,5,2,3,3,Mestizo,5,5,3,4,4,1,3,4,Mestiza,5,5,5,4,5,3,4,4,Mestizo,4,5,3,4,5,4,3,2,Mestizo,3,5,3,4,5,1,3,3,Mestizo
7/19/2017 7:09,7/19/2017 8:29,200.0.29.171,100,4834,1,R_6hgFpBUa1k742xX,-2,-77.5,19,female,Ciudad de Zamora (16 aí±os) y Loja (3 aí±os),Loja,Audí_fonos,Ninguno (Ingles bíçsico),FL_21,5,4,4,4,4,1,3,1,Mestiza ,5,4,4,4,4,1,3,2,Mestizo,4,4,4,4,4,3,2,3,Mestizo,4,3,3,3,3,2,2,2,Mestizo,3,4,5,4,4,1,2,4,Mestizo,4,4,4,4,4,3,2,3,Mestizo,4,4,4,4,4,3,3,2,Mestizo,5,5,5,4,4,1,3,2,Mestizo
7/5/2017 23:03,7/6/2017 0:17,190.131.45.74,100,4483,1,R_6M8KNgGFloolUAx,-2.166702271,-79.90000153,29,male,"Quito, 26 aí±os, visitando constantemente la provincia de Manabí_ por familia. Guayaquil 3 aí±os.",Quito,Audí_fonos,"Inglí©s, enseí±ada desde la escuela. He estudiado alemíçn y kichwa alrededor de un aí±o.",FL_28,4,5,5,4,4,2,3,4,Indí_gena,5,5,5,3,3,2,2,4,Indí_gena,4,5,4,3,3,3,2,4,Mestiza,5,4,5,4,4,2,3,3,Mestiza,5,5,5,3,3,3,2,4,Mestiza,4,4,5,3,4,1,2,4,Mestizo,4,4,4,4,4,3,3,2,Mestizo,4,5,5,3,3,3,3,3,Mestiza de origen Indí_gena
7/19/2017 8:06,7/19/2017 8:46,200.0.29.155,100,2417,1,R_6rmPayZ1LPHHJmh,-2,-77.5,26,male,Loja durante 26 anos,Loja,audifonos,"Espanol 26 anosEnglish 5 anos",FL_21,4,4,4,3,4,3,3,2,Mestiza,5,6,6,3,6,3,3,3,Mestizo,4,5,2,1,1,1,2,3,Mestiza,5,1,3,3,4,1,2,4,Mestizo,1,1,1,1,1,1,1,4,Mestiza,5,4,4,4,5,3,3,3,Mestizo,3,3,2,3,2,1,3,4,Mestizo,3,4,3,2,2,3,2,3,Mestizo
7/19/2017 7:05,7/19/2017 7:18,200.0.29.172,100,765,1,R_6rQkrUzVAfFB7pv,-2,-77.5,20,female,Loja-20 aí±os,Loja,Audí_fonos,Ingles por 10 aí±os -Francí©s por 3 aí±os  ,FL_21,3,4,3,3,3,4,2,4,Mestizo,4,4,4,4,4,2,4,3,Mestizo,3,3,3,3,3,4,2,3,Mestizo,4,4,4,4,4,2,3,3,Mestizo,4,4,3,3,3,1,2,3,mestizo,5,5,5,5,5,2,3,3,mestizo,5,5,5,5,5,3,4,3,mestizo,5,5,5,5,5,4,3,4,mestizo
7/17/2017 9:23,7/17/2017 10:04,190.111.83.4,100,2425,1,R_77cmSigjGmzB0Jz,-4,-79.21669769,22,female,Loja 22 aí±os,Loja,Ninguno,"Espaí±ol 22 aí±osFrances 6 aí±os",FL_21,3,5,5,2,2,3,3,2,Indigena,6,6,4,5,6,3,3,5,Mestizo,6,2,3,5,5,1,3,5,Mestizo,5,4,3,4,3,2,3,2,Mestizo,6,4,4,5,5,2,4,6,Mestiza,6,4,4,5,5,3,3,5,Mestizo,6,5,5,5,5,2,3,3,Mestizo,3,4,3,3,3,2,3,3,Indigena
7/19/2017 8:27,7/19/2017 8:45,200.0.29.155,100,1053,1,R_79W4ZTqRrR3Vyfv,-2,-77.5,23,male,"Loja &gt; 15",Loja,si,INGLES&gt; 8 years,FL_21,3,3,2,1,1,4,2,2,Indigena,4,4,4,3,2,4,2,3,Indigena,3,3,3,2,2,4,1,3,Indigena,3,3,3,3,3,3,2,2,Meztiso,3,3,2,2,2,4,2,3,meztiso,3,3,3,3,3,4,2,3,meztiso,3,2,2,2,2,4,3,2,meztiso,3,3,3,3,2,4,2,3,meztiso
7/18/2017 14:12,7/18/2017 14:19,181.113.82.127,68,436,0,R_7U7uFKICBfek0Qp,,,22,male,LOJA,Loja,Si,Inglí©s ,FL_28,,,,,,,,,,,,,,,,,,,,,,,,,,,,,,,,,,,,,6,5,5,3,4,3,3,4,Mestizo,5,6,5,3,5,3,3,2,Mestizo,,,,,,,,,,,,,,,,,,
7/19/2017 16:11,7/19/2017 16:33,200.85.83.96,100,1319,1,R_8jmoKQYGgdjQ41j,-0.216705322,-78.5,22,female,"Guaranda 17 aí±os Quito 5 aí±os",Quito,No,"Inglí©s 15 aí±osItaliano 1 aí±oAlemíçn 6 mesesPortuguí©s 6 mesesFrancí©s 6 meses",FL_28,2,4,5,2,2,2,2,3,Indigena,2,3,3,5,6,3,3,5,Mestizo,2,4,5,5,5,2,3,4,Mestiza,5,4,4,4,4,2,3,3,Mestizo ,5,4,3,4,3,2,4,3,Mestizo,3,4,4,5,5,3,3,4,Mestizo,5,4,4,4,5,1,3,2,Mestizo,2,3,3,2,2,2,2,2,Indigena
7/22/2017 10:25,7/22/2017 10:52,191.100.141.54,100,1622,1,R_9NeEGiZqQ1DGsRb,-2.883300781,-78.98329926,39,male,"Cuenca 38 aí±osInglaterra 9 mesesColombia El Salvador Nicaragua Bolivia un par de meses algunas veces ",Cuenca,Parlates,"Ingles9 mese de estudio",FL_28,3,4,3,2,2,2,1,3,Mestiz,5,5,5,5,5,3,3,5,Mestizo,5,2,4,5,5,1,2,6,Mestizo,3,3,4,3,3,2,3,4,Mestizo,5,5,5,5,5,2,2,6,Mestizo,4,5,4,4,4,3,3,4,Mestizo,4,5,3,4,4,1,4,3,Mestizo,1,5,1,1,1,2,1,3,Mestizo
7/18/2017 4:00,7/18/2017 4:22,190.96.96.70,100,1317,1,R_AO38AoXRMpecdy1,-4,-79.21669769,21,male,"En 2, macara provincia de loja cantí_n natal y la ciudad de loja por motivos de estudios ya 3 aí±os",Loja,No,Sí_lo espaí±ol,FL_28,4,3,4,4,4,1,2,3,Mestizo,6,4,5,4,4,1,2,4,Mestizo,3,4,1,4,4,3,2,4,Mestizo ,6,5,6,5,6,3,4,3,Mestizo,4,4,3,3,3,2,2,4,Mestizo,6,4,3,3,6,3,2,3,Mestizo ,6,5,6,4,6,3,4,3,Mestizo ,4,3,3,3,3,2,2,3,Mestiza
7/5/2017 21:22,7/5/2017 21:54,181.175.105.71,100,1950,1,R_b89TRj06lDpkwz7,-2.166702271,-79.90000153,20,female,Guayaquil 20 aí±os ,Coast,audifonos ,portuguí©s 2 aí±os ,FL_21,5,5,5,4,4,2,3,2,sigo sin poder etiquetar ,5,5,5,4,4,3,4,3,('-' )v sigo sin saber,5,5,5,4,4,2,2,4,(._.)v nel sigo sin saber,5,5,5,4,4,1,4,3,(._.) sorry but  sigo sin saber,5,5,5,4,4,2,4,4,no se ,5,5,5,4,4,3,5,4,no se,5,5,5,4,4,1,4,4,no se ('-' ),5,5,5,4,4,2,5,3,no se
7/22/2017 8:08,7/22/2017 8:31,186.43.246.109,100,1373,1,R_BFfcCdbMtEdMsX7,-2.883300781,-78.98329926,27,female,Cuenca,Cuenca,Parlantes,Espaí±ol inglí©s ,FL_28,5,4,3,5,2,3,4,3,Mestizo,3,4,2,4,2,2,3,3,Mestizo,6,3,2,1,1,3,2,4,Mestizo,4,4,6,3,6,2,4,3,Mestizo,6,5,4,5,4,1,3,3,Mestizo,5,4,5,5,5,3,3,3,Mestizo,6,5,6,4,5,3,4,4,Mestizo,6,4,6,6,6,2,3,3,Mestizq
7/21/2017 14:26,7/21/2017 15:17,181.175.187.173,100,3051,1,R_Bt8iLg1nOUrIqeR,-0.216705322,-78.5,43,female,"Loja 18 aí±osQuito 25 aí±os",Quito,parlantes,"Inglí©s 4 aí±ositaliano 2 aí±os",FL_28,5,5,5,3,3,3,4,4,salasaca,6,5,4,3,3,3,4,4,saraguros,6,4,6,4,4,3,3,4,paltas,6,5,5,3,5,4,4,3,hambatus,6,5,5,4,6,3,3,4,mestiza,6,5,6,4,4,3,3,3,mestizo,6,6,6,4,6,4,3,2,mestizo,6,5,4,4,5,3,4,4,mestiza
7/4/2017 22:12,7/4/2017 23:09,181.175.67.181,100,3379,1,R_Btwy6ZHD4zMlJFT,-2.166702271,-79.90000153,43,female,"Cuenca 15 aí±os; Duran 28 aí±os.",Coast,parlantes,Ninguna,FL_21,4,4,4,2,2,4,2,3,mestiza,5,4,5,6,6,1,3,4,mestizo,3,4,3,2,2,4,2,4,mestizo,3,3,2,2,2,1,2,2,mestizo,3,4,2,2,2,4,2,4,mestizo,4,4,4,4,5,1,3,4,mestizo,3,4,3,3,4,1,3,3,mestizo,4,4,4,3,3,4,2,4,afrodescendiente
7/22/2017 10:23,7/22/2017 22:08,200.85.80.16,65,42298,0,R_cHEQllxvD8svJvj,,,26,female,En vivido en cuenca 26 aí±os ,Cuenca,Si,Ninguna ,FL_21,4,5,4,5,5,4,2,2,Mestiza ,,,,,,,,,,,,,,,,,,,,,,,,,,,,,,,,,,,,,,,,,,,,,,,,,,,,,,,,,,,,,,,
7/21/2017 22:44,7/21/2017 23:10,186.43.182.174,100,1535,1,R_Clt55UWijympeFj,-2.883300781,-78.98329926,37,male,Cuenca 37,Cuenca,Audifonos,Espaí±ol,FL_28,3,5,3,4,3,3,3,2,Mestizo,5,3,3,5,5,2,3,4,Estizo,3,5,2,3,3,1,2,3,Meztiso,4,3,2,3,3,1,3,2,Mestizo ,3,2,3,4,3,1,2,4,Mestizo,5,5,5,5,5,3,3,2,Mestizo,5,3,4,5,3,2,3,3,Mestizo,3,3,2,4,4,1,2,2,Estiza
7/21/2017 14:27,7/21/2017 14:44,181.211.7.45,100,1015,1,R_DCXMAkBkx38EJLr,-0.216705322,-78.5,44,female,2 ciudades,Quito,audifonos,ninguna,FL_21,4,4,4,4,3,3,3,3,imposible determinar,5,4,5,3,3,2,3,3,imposible determinar,5,4,3,3,3,4,3,5,Imposible determinar,5,3,3,3,3,2,3,4,imposible determinar,5,4,4,3,3,4,3,4,imposible determinar,5,4,4,4,4,2,3,4,imposible determinar,5,4,4,3,4,2,3,3,imposible determinar,5,4,3,3,3,3,3,3,imposible determinar
7/28/2017 13:37,7/28/2017 14:00,186.43.180.167,100,1406,1,R_eFAA5waeqmRkaUF,-2.883300781,-78.98329926,59,female,Cuenca,Cuenca,No,Espaí±ol,FL_21,4,5,5,3,2,4,2,2,Montubia,5,5,5,5,6,2,2,4,Mestizo,6,6,6,5,5,3,1,5,Mestizo,6,6,6,5,6,3,3,3,Mestizo,5,5,6,5,6,2,2,4,Mestizo,6,5,6,5,6,2,2,4,Mestizo,6,6,6,5,6,3,3,3,Mestixo,4,5,5,4,4,4,1,2,Montubio
7/19/2017 7:08,7/19/2017 9:35,200.0.29.172,100,8821,1,R_ePRjRdVkaWHdYbL,-2,-77.5,20,female,"ARENILLAS POR 5 AíïOSHUAQUILLAS POR 12 AíïOSLOJA POR 2 AíïOS",Coast,SI,NINGUNA,FL_28,5,4,3,4,4,1,2,2,Mestizo,5,5,4,4,5,4,2,4,Mestizo,5,4,4,4,4,2,2,4,Mestizo,5,4,4,4,3,1,2,3,Mestizo,5,5,3,4,4,2,2,4,Mestizo,3,3,1,3,5,3,2,3,Mestizo,4,5,5,4,4,4,3,3,Mestizo,5,5,4,2,2,1,1,3,Mestizo
7/19/2017 7:10,7/19/2017 7:26,200.0.29.172,100,961,1,R_p6NLjqvBFfaMbxD,-2,-77.5,23,female,"Catacocha 0- 3 aí±os , Loja Hasta la actualidad",Loja,si,Ninguna,FL_21,5,5,4,5,4,3,2,2,Mestiza,5,5,5,5,5,3,3,3,Mestizo,5,5,4,5,4,3,2,3,Mestiza,5,5,5,5,5,3,4,3,Mestizo,5,5,5,5,5,3,2,3,Mestiza,5,5,5,5,5,3,3,3,Mestizo,5,5,6,5,5,3,4,3,Mestizo,5,5,4,5,5,3,2,2,Mestiza
7/24/2017 21:46,7/24/2017 22:15,186.43.231.7,100,1727,1,R_PCymvkN44mJK7vj,-2.883300781,-78.98329926,21,female,"Cuenca, toda mi vida ",Cuenca,No ,Solo espaí±ol ,FL_21,5,1,6,3,3,4,3,3,Caí±arejo,6,1,6,4,4,1,3,4,Mestizo,6,1,6,3,3,4,2,6,Mestixo,6,2,6,4,4,3,5,5,Mestizo ,5,5,3,4,3,4,2,6,Mestiza,5,2,6,4,4,2,4,4,Mestizo,6,1,6,4,4,2,3,4,Mestizo ,6,1,6,2,2,2,2,4,Mestiza
7/23/2017 12:41,7/23/2017 13:05,190.107.226.34,100,1436,1,R_qWrlVPDTfkhIRcB,-33.4624939,-70.66819763,31,male,"Cuenca 28 aí±osMí©xico D.F.  1 aí±oSantiago de Chile 1aí±o",Cuenca,Si,Ingles 3 aí±os ,FL_21,3,4,3,2,2,2,3,2,Mestiza,6,4,4,4,4,2,3,4,Mestizo,5,5,5,4,5,2,2,5,Mestiza ,4,2,3,2,2,3,3,3,Mestizo,4,4,4,5,5,2,2,6,Mestiza ,5,5,5,5,5,2,4,3,Mestiza ,5,5,4,3,3,3,3,2,Mestiza ,4,4,2,2,1,2,1,3,Mestiza 
7/4/2017 21:57,7/4/2017 22:24,190.131.3.68,100,1654,1,R_r0yvpPVLOfsAf5v,-2.166702271,-79.90000153,26,female,Macas- Morona Santiago 18 aí±os; Cuenca- Azuay 4 aí±os; quito- Pichincha 6 meses; san Lucas- Santa Elena 6 meses; Guayaquil 4 aí±os,Cuenca,parlantes,"ingles, toda la secundaria 6 aí±os pero no aprendí_ nada, recií©n hace 1 aí±o estudio vuelvo a estudiar ingles bíæsico y lo entiendo hasta este nivel.",FL_28,4,4,4,4,4,4,3,3,nose,4,4,4,4,4,2,2,3,nose,4,4,4,3,4,2,2,4,no se,4,4,4,4,4,4,3,4,nose,4,3,3,3,5,4,2,4,no se,4,2,4,3,6,2,2,4,no se,4,5,4,5,6,2,4,2,no se,5,6,4,4,5,2,4,3,no se
7/5/2017 10:17,7/5/2017 10:51,190.131.34.128,100,2013,1,R_rrqxVbXhtsnIVS9,-2.166702271,-79.90000153,27,female,"'-Guayaquil, Ecuador: 25 aí±o y medio-Valle del Yeguare, Honduras: 1 aí±o y medio.",Coast,Audí_fonos,"Hablo francí©s y lo he estudiado por dos aí±os. Tambií©n hablo inglí©s, el cual lo aprendí_ durante los 6 aí±os de bachillerato. Hace un aí±o, estuve estudiante kichwa y cursí© dos niveles de cuatro meses cada uno. ",FL_21,5,4,5,4,4,3,2,3,Mestiza,6,5,6,4,5,2,2,4,Mestizo,4,4,4,4,4,2,2,4,Mestiza,5,3,5,5,5,3,3,3,Mestizo,5,4,5,4,6,2,3,4,Mestiza,6,5,5,5,5,1,3,3,Mestizo,5,4,5,5,5,2,3,2,Mestizo,5,5,6,5,5,3,2,3,Mestizo
7/20/2017 18:17,7/20/2017 18:31,186.4.146.36,100,834,1,R_RUCZ0iyXr6f9mAp,-0.216705322,-78.5,47,female,Solamente Quito,Quito,Parlantes,Solo espaí±ol,FL_21,4,4,6,3,1,3,3,2,Mestizo,6,6,6,3,3,4,2,5,Mestizo,6,6,6,6,6,2,3,5,Blanca,6,4,6,4,6,3,4,2,Mestizo,6,6,6,5,3,4,2,6,Mestiza,5,3,4,2,2,4,1,6,Mestizo,6,5,4,5,5,3,4,3,Mestizo,1,2,2,1,1,4,1,4,Indí_gena
7/18/2017 21:57,7/18/2017 22:06,181.211.31.178,100,581,1,R_SORPLFhRaNXZjqh,-2,-77.5,21,male,Loja ,Loja,Si,Ingles ( 8 aí±os ),FL_28,3,4,4,3,3,4,2,3,Indí_gena ,4,3,4,4,5,3,4,3,Mestizo,5,4,3,4,5,2,4,4,Mestiza ,5,4,3,5,4,3,3,2,Mestizo,3,4,4,5,5,2,4,4,Mestiza,5,5,4,3,5,3,4,3,Mestizo ,5,3,4,4,5,3,3,3,Mestizo,4,5,3,3,2,4,2,2,Indí_gena 
7/4/2017 18:16,7/4/2017 18:45,190.130.163.10,100,1765,1,R_swkin3yEm2tp2Fj,-2.166702271,-79.90000153,23,male,"Santa rosa, 20 aí±osSanto domingo, 1 aí±oGuayaquil, 2 aí±os",Coast,Audí_fonos,"Ingles, desde la escuela.",FL_28,5,3,3,2,1,3,2,3,Indigena,6,4,5,5,5,3,2,4,Mestizo,6,1,3,6,6,2,2,5,Meztizo,4,2,3,4,4,2,3,4,Mestizo,5,2,5,6,6,1,2,5,Meztizo,6,6,6,4,5,3,3,3,Mestizo,6,2,3,4,4,4,3,3,Mestizo,6,4,4,2,1,3,1,3,Indigena
7/21/2017 22:52,7/21/2017 23:13,186.46.226.123,82,1265,0,R_T6H0TdatWc9MjXH,,,35,female,"Macas, Quito ",Quito,No,No hablo otras lenguas ,FL_28,,,,,,,,,,,,,,,,,,,,,,,,,,,,,,,,,,,,,4,2,4,3,3,2,3,3,Mestizo ,4,4,4,3,2,2,2,3,Indí_gena ,4,3,5,4,4,1,3,3,Mestizo ,3,3,3,4,3,2,3,3,Mestizo
7/19/2017 8:17,7/19/2017 8:47,200.0.29.155,100,1771,1,R_tVBvNJnTlcjemZP,-2,-77.5,25,female,cuenca y loja,Loja,no,ingles,FL_28,5,5,5,5,5,2,3,3,mestizo,6,6,6,6,6,3,4,4,mestizo,3,3,3,3,3,2,2,2,mestizo,3,3,3,3,3,2,2,3,mestizo,3,4,2,3,3,4,3,3,mestizo,6,6,6,6,6,1,4,4,meztizo,6,6,6,5,6,3,4,4,mestizo,4,4,6,4,4,4,3,3,mestizo
7/22/2017 22:27,7/22/2017 22:47,186.43.146.16,100,1153,1,R_tWgwqrSk7Z19wVr,-2.883300781,-78.98329926,32,female,Cuenca 32 aí±os,Cuenca,Parlantes ,Espaí±ol,FL_28,3,3,3,3,3,3,2,1,Mestizo ,5,4,5,4,5,4,4,5,Mestizo ,4,5,5,4,4,4,3,4,Mestiza,3,2,3,3,3,4,3,5,Mestizo,4,4,4,4,4,2,3,4,Mestizo ,5,4,3,4,4,3,3,3,Mestizo,4,3,5,4,4,4,3,3,Mestizo,3,3,3,3,3,3,2,2,Mestizo
7/21/2017 22:41,7/22/2017 10:34,191.100.170.8,100,42757,1,R_UM7vImdwwS1YiaJ,-2.883300781,-78.98329926,35,female,Sí_lo he vivido en Cuenca pero conozco otros lugares con diferentes dialectos ,Cuenca,No,Ninguna solo castellano ,FL_21,5,4,5,4,6,1,3,3,Mestizo ,5,3,3,4,5,2,3,3,Mestizo,5,4,4,4,4,4,2,4,Mestizo,4,2,3,3,4,2,2,2,Indí_gena ,4,3,3,4,6,2,3,3,Mestiza,5,4,4,4,4,3,2,3,Indigena,5,4,5,4,4,1,3,2,Mestizo ,5,4,5,5,5,3,3,2,Mestizo 
7/21/2017 16:01,7/21/2017 16:26,186.66.172.135,100,1491,1,R_UtBGPU4motReHux,-2.883300781,-78.98329926,33,female,Cuenca 33,Cuenca,Si,Inglí©s por 5 aí±os,FL_21,4,4,5,3,2,3,2,2,indí_gena,5,4,4,4,5,1,2,3,mestizo,5,2,4,3,5,2,2,5,mestiza,4,4,4,4,5,2,3,2,mestizo,4,3,4,4,5,2,2,5,mestiza,4,4,4,3,3,1,3,4,mestizo,5,3,3,3,5,2,3,2,mestizo,2,4,5,2,2,1,2,2,mestiza
7/6/2017 0:12,7/6/2017 0:56,181.175.91.94,100,2625,1,R_UuTkUGKY4DVdW0x,-2.166702271,-79.90000153,24,female,"En Guayaquil, y desde nacimiento ",Coast,Parlantes,"Inglí©s, la estudie solo en bachillerato",FL_28,2,2,5,1,1,3,1,3,serrana,5,4,6,4,5,4,2,3,serrana,4,5,2,2,6,4,1,4,serrano,6,6,6,5,6,1,3,2,serrana,4,3,5,3,3,4,2,3,serrano,6,4,6,4,4,4,2,4,Serrano,3,3,4,3,4,4,3,2,nose,1,3,6,2,2,3,3,2,nose
7/27/2017 11:16,7/27/2017 11:36,201.218.51.26,100,1189,1,R_vJhnqY6NmhMFgel,-0.216705322,-78.5,38,female,"Loja - 5 aí±osQuito - 33 aí±os",Quito,Parlantes,Ingles - 4 aí±os,FL_28,5,5,5,4,5,3,2,3,Mestizos,4,4,4,4,4,1,3,3,Mestizos,3,3,3,3,4,3,2,3,Mestizos,4,4,4,4,4,2,2,2,Mestizos,4,4,3,3,3,2,2,4,Mestizo,4,4,6,5,6,1,4,4,Mestizo,4,4,4,4,4,3,3,3,Mestizos,5,5,5,4,4,2,2,3,Mestizo
7/6/2017 12:51,7/6/2017 13:34,186.101.231.29,100,2571,1,R_w5kiK3FRX1awkWR,-2.166702271,-79.90000153,21,female,"Guayaquil, 21 aí±os",Coast,audí_fonos,"Inglí©s alrededor de un aí±o, y francí©s, 1 semestre en la Universidad.",FL_21,4,4,4,4,4,2,4,3,No sí©,5,4,5,4,3,1,3,5,Mestizo,4,4,4,3,4,4,2,5,Mestiza,4,4,4,4,5,2,3,2,Mestizo,4,4,4,4,4,4,2,5,Mestiza,5,4,5,4,5,1,3,4,Mestizo,5,5,5,4,5,4,3,2,Mestizo,4,4,5,4,3,2,3,3,Mestiza
7/18/2017 17:05,7/18/2017 17:23,186.4.186.253,100,1117,1,R_wMFKlKZHMciJtBL,-0.216705322,-78.5,23,female,Quito - 23 aí±os,Quito,audí_fonos,"Ingles - 12 aí±osFrances- 3 aí±osItaliano-1 aí±o ",FL_21,4,4,6,2,1,4,3,2,mestizo,5,4,4,4,2,3,3,4,mestizo,5,3,3,3,1,4,2,5,mestizo,3,2,4,4,2,4,3,3,mestizo,4,4,4,2,1,4,2,6,mestizo,4,4,5,3,2,3,2,5,mestizo,5,4,4,4,2,4,3,3,mestizo,5,2,5,2,1,4,3,4,mestizo
7/22/2017 16:08,7/22/2017 16:32,191.100.86.105,100,1480,1,R_Wxik90bghCdZbMt,-2.883300781,-78.98329926,44,male,"Cuenca, 44 aí±os",Cuenca,audifonos,solo espaí±ol,FL_21,4,4,4,4,4,4,3,2,Meztiza,5,4,5,4,5,2,3,4,Meztizo,4,4,4,4,4,2,2,5,Meztiza,4,4,4,4,4,1,3,2,Mestizo,4,4,4,4,4,2,3,4,Mestiza,4,4,4,4,4,2,3,4,Mestizo,4,3,4,4,4,1,3,2,Mestizo,4,4,4,3,3,4,3,3,Mestiza
7/5/2017 20:39,7/6/2017 7:13,190.63.255.114,100,38061,1,R_XIhNI3M2wmAUI7L,-2.166702271,-79.90000153,22,female,"Guayaquil, 22 aí±os. ",Coast,Audí_fonos ,"Ingles: aprendí_ de manera autodidacta desde los 17 aí±os Francí©s: 1 aí±o en la universidad ",FL_21,5,6,5,4,4,1,3,3,Mestiza indí_gena ,5,4,5,4,5,1,3,3,Mestizo ,5,5,4,4,4,1,2,4,Mestiza ,5,3,4,4,4,1,3,3,Mestizo ,5,4,5,4,4,1,2,4,Mestiza ,5,5,4,4,4,1,3,3,Mestizo ,5,4,4,5,5,1,3,3,Mestizo ,5,5,5,3,4,1,2,3,Mestizo 
7/16/2017 20:33,7/16/2017 20:52,179.49.57.13,100,1155,1,R_XO2YhSjLVLrUUQ9,-3.266693115,-79.96669769,36,female,"Loja, Míçchala en cada una un aproximado de dos aí±os, en Quito mi ciudad natal por 32 aí±os",Quito,No,Ingles  y francí©s por un aí±o aproximadamente ,FL_21,5,5,4,3,2,3,2,3,Mestiza,6,4,4,5,5,3,3,3,Mestizo,5,5,5,3,3,2,2,3,Mestiza,6,1,6,4,4,2,3,3,Mestizo,3,4,4,2,2,2,2,4,Mestiza,6,5,5,5,5,3,3,3,Mestizo,4,4,4,4,4,3,3,2,Mestizo,3,3,3,2,2,2,2,3,Mestiza
7/22/2017 14:52,7/22/2017 15:16,186.43.199.20,100,1410,1,R_YRhBg5WnMdVDv6F,-2.883300781,-78.98329926,35,female,1 ciudad....35 aí±os,Cuenca,no,Ingles... 2 aí±os,FL_28,4,2,2,2,2,2,2,3,mestizo,2,1,1,1,1,4,4,3,mestizo,2,2,1,2,2,3,2,4,mestizo,1,1,1,1,1,4,3,4,mestizo,3,2,2,2,2,4,2,4,mestizo,1,1,2,2,2,2,3,5,mestizo,2,2,2,3,2,4,3,4,mestizo,4,2,2,4,4,1,2,3,mestizo
7/25/2017 11:29,7/25/2017 22:55,200.107.1.247,100,41130,1,R_yrqf9dyDxdrBKwN,-2.883300781,-78.98329926,24,female,"UCuenca, 24 aí±os ",Cuenca,No ,Ninguna ,FL_28,2,4,4,3,4,2,2,4,Mestizo ,6,5,6,5,5,4,3,3,Mestizo ,3,5,5,1,3,2,2,3,Mestizo ,5,5,5,3,4,2,2,3,Mestizo ,5,5,2,3,4,2,2,4,Mestizo ,6,6,6,6,6,3,3,3,Mestizo ,6,5,5,4,4,3,3,3,Mestizo ,5,4,2,3,4,2,2,3,Mestizo 
7/17/2017 8:26,7/17/2017 9:13,200.0.29.171,100,2835,1,R_zcCbpv7gr7kKPsd,-2,-77.5,22,female,En Huaquillas 19 aí±os y en Loja 3 aí±os.,Coast,Parlantes,"Inglí©s, 1 aí±o.",FL_21,5,5,5,2,2,1,3,3,Mestizo,5,5,5,5,5,2,3,4,Mestizo,5,6,1,6,6,2,3,3,Mestizo,3,2,3,5,4,2,1,4,Mestizo,6,6,5,6,6,2,4,4,mestizo,6,2,6,3,6,1,4,4,mestizo,4,5,2,4,5,1,2,1,mestizo,3,4,4,3,3,2,2,3,mestizo
7/20/2017 15:14,7/20/2017 15:42,209.244.4.189,100,1663,1,R_ZwO1oISlffIseMV,39.73919678,-104.9847031,44,male,"Quito, toda mi vida",Quito,Audí_fonos,"Inglí©s por varios aí±osPortuguí©s por unos meses",FL_28,5,4,4,4,4,3,3,3,Mestizo,6,4,4,4,4,3,3,3,Mestizo,5,3,4,3,3,2,2,3,Mestizo,5,3,5,4,5,3,3,3,Mestizo,6,5,4,4,4,3,2,3,Mestizo,6,4,4,5,6,3,2,3,Mestizo,5,3,4,4,5,2,3,3,Mestizo,6,5,6,4,5,3,3,2,Mestizo
